0	person99
1	person98
2	person97
3	person96
4	person95
5	person94
6	person93
7	person92
8	person91
9	person90
10	person9
11	person89
12	person88
13	person87
14	person86
15	person85
16	person84
17	person83
18	person82
19	person80
20	person79
21	person78
22	person77
23	person76
24	person74
25	person73
26	person72
27	person71
28	person70
29	person7
30	person69
31	person67
32	person65
33	person64
34	person62
35	person60
36	person59
37	person57
38	person55
39	person54
40	person52
41	person5
42	person49
43	person47
44	person46
45	person45
46	person44
47	person43
48	person42
49	person40
50	person4
51	person39
52	person38
53	person37
54	person35
55	person34
56	person33
57	person32
58	person31
59	person30
60	person3
61	person29
62	person28
63	person27
64	person26
65	person24
66	person22
67	person21
68	person20
69	person2
70	person19
71	person18
72	person17
73	person16
74	person15
75	person14
76	person11
77	person102
78	person101
79	person100
80	person10
81	person1
82	person81
83	person8
84	person75
85	person68
86	person66
87	person61
88	person58
89	person51
90	person36
91	person25
92	person23
93	person12
94	person103
95	person6
96	person53
97	person48
98	person41
99	person13
100	person0
101	person56
102	person63
103	person50
