/award/award_nominee/award_nominations./award/award_nomination/award_nominee	19764
/film/film/release_date_s./film/film_regional_release_date/film_release_region	15837
/award/award_nominee/award_nominations./award/award_nomination/award	14921
/award/award_category/nominees./award/award_nomination/award_nominee	14921
/people/profession/people_with_this_profession	14220
/people/person/profession	14220
/film/film/starring./film/performance/actor	11638
/film/actor/film./film/performance/film	11638
/award/award_nominated_work/award_nominations./award/award_nomination/award	11594
/award/award_category/nominees./award/award_nomination/nominated_for	11594
/award/award_winner/awards_won./award/award_honor/award_winner	10378
/film/film_genre/films_in_this_genre	8946
/film/film/genre	8946
/award/award_nominee/award_nominations./award/award_nomination/nominated_for	7632
/award/award_nominated_work/award_nominations./award/award_nomination/award_nominee	7632
/film/film_job/films_with_this_crew_job./film/film_crew_gig/film	7400
/film/film/other_crew./film/film_crew_gig/film_crew_role	7400
/common/topic/webpage./common/webpage/category	7232
/common/annotation_category/annotations./common/webpage/topic	7232
/music/genre/artists	7229
/music/artist/genre	7229
/award/award_winner/awards_won./award/award_honor/award	6931
/award/award_category/winners./award/award_honor/award_winner	6931
/location/location/contains	6363
/location/location/containedby	6363
/people/person/nationality	5128
/music/performance_role/track_performances./music/track_contribution/role	4680
/people/person/places_lived./people/place_lived/location	4566
/people/person/gender	4534
/sports/sports_team/roster./sports/sports_team_roster/position	4320
/sports/sports_position/players./sports/sports_team_roster/team	4320
/award/award_winning_work/awards_won./award/award_honor/award	4037
/award/award_category/winners./award/award_honor/honored_for	4037
/award/award_winning_work/awards_won./award/award_honor/award_winner	3716
/award/award_winner/awards_won./award/award_honor/honored_for	3716
/people/person/spouse_s./people/marriage/type_of_union	3559
/people/marriage_union_type/unions_of_this_type./people/marriage/spouse	3559
/award/award_ceremony/awards_presented./award/award_honor/award	3441
/award/award_category/winners./award/award_honor/ceremony	3441
/award/award_winner/awards_won./award/award_honor/ceremony	3339
/award/award_ceremony/awards_presented./award/award_honor/award_winner	3339
/music/performance_role/regular_performances./music/group_membership/role	3274
/people/person/education./education/education/institution	3236
/education/educational_institution/students_graduates./education/education/student	3236
/education/field_of_study/students_majoring./education/education/institution	3222
/education/educational_institution/students_graduates./education/education/major_field_of_study	3222
/media_common/netflix_title/netflix_genres	3219
/media_common/netflix_genre/titles	3219
/film/film/language	3142
/people/person/place_of_birth	3039
/location/location/people_born_here	3039
/film/film/country	2946
/film/film_distributor/films_distributed./film/film_film_distributor_relationship/film	2853
/film/film/distributors./film/film_film_distributor_relationship/distributor	2853
/soccer/football_team/current_roster./soccer/football_roster_position/position	2788
/education/educational_institution/students_graduates./education/education/degree	2788
/education/educational_degree/people_with_this_degree./education/education/institution	2788
/sports/sports_team/roster./soccer/football_roster_position/position	2785
/sports/sports_position/players./soccer/football_roster_position/team	2785
/soccer/football_team/current_roster./sports/sports_team_roster/position	2785
/music/record_label/artist	2751
/music/artist/label	2751
/olympics/olympic_sport/athletes./olympics/olympic_athlete_affiliation/country	2622
/olympics/olympic_participating_country/athletes./olympics/olympic_athlete_affiliation/sport	2622
/location/location/adjoin_s./location/adjoining_relationship/adjoins	2552
/people/person/ethnicity	2495
/people/ethnicity/people	2495
/music/instrument/instrumentalists	2393
/music/group_member/instruments_played	2393
/influence/influence_node/influenced_by	2337
/influence/influence_node/influenced	2337
/music/performance_role/track_performances./music/track_contribution/contributor	2174
/music/artist/track_contributions./music/track_contribution/role	2174
/film/production_company/films	1905
/film/film/production_companies	1905
/base/popstra/celebrity/friendship./base/popstra/friendship/participant	1884
/film/film/release_date_s./film/film_regional_release_date/film_release_distribution_medium	1762
/base/popstra/celebrity/dated./base/popstra/dated/participant	1710
/music/performance_role/regular_performances./music/group_membership/group	1601
/music/musical_group/member./music/group_membership/role	1601
/film/producer/film	1587
/film/film/produced_by	1587
/tv/tv_program/regular_cast./tv/regular_tv_appearance/actor	1541
/tv/tv_actor/starring_roles./tv/regular_tv_appearance/series	1541
/film/film/estimated_budget./measurement_unit/dated_money_value/currency	1471
/time/time_zone/locations_in_this_time_zone	1418
/location/location/time_zones	1418
/olympics/olympic_participating_country/medals_won./olympics/olympic_medal_honor/olympics	1379
/olympics/olympic_games/medals_awarded./olympics/olympic_medal_honor/country	1379
/people/person/religion	1339
/government/political_district/representatives./government/government_position_held/legislative_sessions	1310
/government/legislative_session/members./government/government_position_held/district_represented	1310
/film/music_contributor/film	1279
/film/film/music	1279
/tv/tv_program/genre	1201
/tv/tv_genre/programs	1201
/film/film_location/featured_in_films	1196
/film/film/featured_film_locations	1196
/food/food/nutrients./food/nutrition_fact/nutrient	1179
/award/award_winning_work/awards_won./award/award_honor/ceremony	1144
/award/award_ceremony/awards_presented./award/award_honor/honored_for	1144
/film/film/directed_by	1040
/film/director/film	1040
/organization/organization/headquarters./location/mailing_address/citytown	1039
/education/educational_institution/colors	1013
/organization/organization_member/member_of./organization/organization_membership/organization	993
/organization/membership_organization/members./organization/organization_membership/member	993
/film/writer/film	988
/film/film/written_by	988
/government/legislative_session/members./government/government_position_held/legislative_sessions	984
/people/person/languages	983
/location/hud_foreclosure_area/total_residential_addresses./measurement_unit/dated_integer/source	967
/location/hud_foreclosure_area/total_90_day_vacant_residential_addresses./measurement_unit/dated_integer/source	967
/location/hud_foreclosure_area/hhuniv./measurement_unit/dated_integer/source	967
/location/hud_foreclosure_area/estimated_number_of_mortgages./measurement_unit/dated_integer/source	967
/location/hud_foreclosure_area/estimated_number_foreclosures./measurement_unit/dated_integer/source	967
/government/governmental_jurisdiction/governing_officials./government/government_position_held/basic_title	937
/government/government_office_category/officeholders./government/government_position_held/jurisdiction_of_office	937
/people/deceased_person/cause_of_death	919
/people/cause_of_death/people	919
/organization/role/leaders./organization/leadership/organization	918
/organization/organization/leadership./organization/leadership/role	918
/olympics/olympic_participating_country/athletes./olympics/olympic_athlete_affiliation/olympics	915
/olympics/olympic_games/athletes./olympics/olympic_athlete_affiliation/country	915
/military/military_combatant/military_conflicts./military/military_combatant_group/combatants	906
/music/performance_role/regular_performances./music/group_membership/member	901
/music/group_member/membership./music/group_membership/role	901
/education/school_category/schools_of_this_kind	884
/education/educational_institution/school_type	884
/award/award_nominated_work/award_nominations./award/award_nomination/nominated_for	884
/business/job_title/people_with_this_title./business/employment_tenure/company	882
/business/employer/employees./business/employment_tenure/title	882
/organization/organization/headquarters./location/mailing_address/state_province_region	874
/music/genre/subgenre	868
/music/genre/parent_genre	868
/people/deceased_person/place_of_death	859
/film/producer/films_executive_produced	855
/film/film/executive_produced_by	855
/sports/professional_sports_team/draft_picks./sports/sports_league_draft_pick/school	845
/sports/sports_team/colors	833
/olympics/olympic_sport/olympic_games_contested	802
/olympics/olympic_games/sports	802
/sports/sports_team/roster./sports/sports_team_roster/player	795
/sports/pro_athlete/teams./sports/sports_team_roster/team	795
/sports/sports_team/roster./american_football/football_historical_roster_position/position_s	763
/sports/sports_position/players./american_football/football_historical_roster_position/team	763
/american_football/football_team/historical_roster./sports/sports_team_roster/position	763
/american_football/football_team/historical_roster./american_football/football_historical_roster_position/position_s	763
/base/biblioness/bibs_location/country	750
/sports/sports_team/roster./american_football/football_roster_position/position	734
/film/film_subject/films	732
/film/film/subjects	732
/american_football/football_team/current_roster./american_football/football_roster_position/position	731
/location/statistical_region/religions./location/religion_percentage/religion	726
/user/jg/default_domain/olympic_games/sports	715
/base/aareas/schema/administrative_area/administrative_parent	710
/base/aareas/schema/administrative_area/administrative_children	710
/sports/sports_position/players./american_football/football_roster_position/team	702
/american_football/football_team/current_roster./sports/sports_team_roster/position	702
/education/educational_institution_campus/educational_institution	660
/education/educational_institution/campuses	660
/music/artist/origin	659
/sports/pro_athlete/teams./soccer/football_roster_position/team	655
/soccer/football_team/current_roster./sports/sports_team_roster/player	655
/sports/sports_team/roster./soccer/football_roster_position/player	654
/soccer/football_team/current_roster./soccer/football_roster_position/player	654
/soccer/football_player/current_team./sports/sports_team_roster/team	654
/soccer/football_player/current_team./soccer/football_roster_position/team	654
/travel/travel_destination/climate./travel/travel_destination_monthly_climate/month	652
/education/field_of_study/students_majoring./education/education/degree	618
/education/educational_degree/people_with_this_degree./education/education/major_field_of_study	618
/music/performance_role/guest_performances./music/recording_contribution/performance_role	606
/olympics/olympic_participating_country/olympics_participated_in	596
/olympics/olympic_games/participating_countries	596
/award/award_winning_work/awards_won./award/award_honor/honored_for	588
/base/schemastaging/person_extra/net_worth./measurement_unit/dated_money_value/currency	583
/location/country/second_level_divisions	582
/location/administrative_division/second_level_division_of	582
/education/university/domestic_tuition./measurement_unit/dated_money_value/currency	579
/location/hud_county_place/place	568
/sports/sports_league_draft/picks./sports/sports_league_draft_pick/team	553
/sports/professional_sports_team/draft_picks./sports/sports_league_draft_pick/draft	553
/base/popstra/celebrity/canoodled./base/popstra/canoodled/participant	540
/organization/endowed_organization/endowment./measurement_unit/dated_money_value/currency	539
/people/person/spouse_s./people/marriage/spouse	528
/people/marriage_union_type/unions_of_this_type./people/marriage/location_of_ceremony	528
/sports/sports_team/sport	523
/sports/sport/teams	523
/military/military_conflict/combatants./military/military_combatant_group/combatants	517
/military/military_combatant/military_conflicts./military/military_combatant_group/conflict	517
/tv/tv_program/tv_producer./tv/tv_producer_term/producer	503
/tv/tv_producer/programs_produced./tv/tv_producer_term/program	503
/user/tsegaran/random/taxonomy_subject/entry./user/tsegaran/random/taxonomy_entry/taxonomy	495
/user/tsegaran/random/subject_taxonomy/entry./user/tsegaran/random/taxonomy_entry/subject	495
/film/film_story_contributor/film_story_credits	489
/film/film/story_by	489
/location/country/administrative_divisions	482
/location/administrative_division/country	482
/film/special_film_performance_type/film_performance_type./film/performance/actor	478
/film/film_crewmember/films_crewed./film/film_crew_gig/film	478
/film/film/other_crew./film/film_crew_gig/crewmember	478
/film/actor/film./film/performance/special_performance_type	478
/location/statistical_region/rent50_4./measurement_unit/dated_money_value/currency	460
/location/statistical_region/rent50_3./measurement_unit/dated_money_value/currency	460
/location/statistical_region/rent50_2./measurement_unit/dated_money_value/currency	460
/location/statistical_region/rent50_1./measurement_unit/dated_money_value/currency	460
/location/statistical_region/rent50_0./measurement_unit/dated_money_value/currency	460
/education/university/local_tuition./measurement_unit/dated_money_value/currency	457
/olympics/olympic_sport/athletes./olympics/olympic_athlete_affiliation/olympics	456
/olympics/olympic_games/athletes./olympics/olympic_athlete_affiliation/sport	456
/base/popstra/location/vacationers./base/popstra/vacation_choice/vacationer	432
/base/popstra/celebrity/vacations_in./base/popstra/vacation_choice/location	432
/time/event/locations	431
/location/location/events	431
/base/marchmadness/ncaa_basketball_tournament/seeds./base/marchmadness/ncaa_tournament_seed/team	426
/base/marchmadness/ncaa_basketball_team/ncaa_tournament_seeds./base/marchmadness/ncaa_tournament_seed/tournament	426
/award/ranked_list/ranked_list_items./award/ranking/item	426
/award/ranked_item/appears_in_ranked_lists./award/ranking/list	426
/base/schemastaging/organization_extra/phone_number./base/schemastaging/phone_sandbox/service_location	423
/education/field_of_study/students_majoring./education/education/major_field_of_study	422
/film/film_format/film_format	421
/film/film/film_format	421
/sports/sports_team_location/teams	420
/sports/sports_team/location	420
/location/country/languages_spoken	409
/language/human_language/countries_spoken_in	409
/business/industry/companies	406
/business/business_operation/industry	406
/film/film/cinematography	405
/film/cinematographer/film	405
/people/person/employment_history./business/employment_tenure/company	385
/business/employer/employees./business/employment_tenure/person	385
/location/capital_of_administrative_division/capital_of./location/administrative_division_capital_relationship/administrative_division	381
/location/administrative_division/capital./location/administrative_division_capital_relationship/capital	381
/tv/tv_program/original_network./tv/tv_network_duration/network	379
/tv/tv_network/programs./tv/tv_network_duration/program	379
/base/biblioness/bibs_location/state	378
/location/us_county/hud_county_place	377
/location/hud_county_place/county	377
/location/country/form_of_government	369
/government/form_of_government/countries	369
/film/film_distribution_medium/films_distributed_in_this_medium./film/film_film_distributor_relationship/film	355
/film/film/distributors./film/film_film_distributor_relationship/film_distribution_medium	355
/sports/sports_league_draft/picks./sports/sports_league_draft_pick/school	352
/base/culturalevent/event/entity_involved	349
/tv/tv_writer/tv_programs./tv/tv_program_writer_relationship/tv_program	336
/tv/tv_program/recurring_writers./tv/tv_program_writer_relationship/writer	336
/tv/tv_program/country_of_origin	331
/people/person/education./education/education/major_field_of_study	325
/education/field_of_study/students_majoring./education/education/student	325
/people/person/education./education/education/degree	322
/education/educational_degree/people_with_this_degree./education/education/student	322
/olympics/olympic_participating_country/medals_won./olympics/olympic_medal_honor/medal	320
/olympics/olympic_medal/medal_winners./olympics/olympic_medal_honor/country	320
/tv/tv_program/languages	313
/people/person/spouse_s./people/marriage/location_of_ceremony	313
/film/film_festival_event/films	307
/film/film/film_festivals	307
/base/x2010fifaworldcupsouthafrica/world_cup_squad/current_world_cup_squad./base/x2010fifaworldcupsouthafrica/current_world_cup_squad/current_club	304
/celebrities/celebrity/celebrity_friends./celebrities/friendship/friend	298
/celebrities/celebrity/sexual_relationships./celebrities/romantic_relationship/celebrity	288
/film/film/release_date_s./film/film_regional_release_date/film_regional_debut_venue	287
/baseball/baseball_team/team_stats./baseball/baseball_team_stats/season	287
/film/personal_film_appearance_type/film_appearances./film/personal_film_appearance/person	284
/film/person_or_entity_appearing_in_film/films./film/personal_film_appearance/type_of_appearance	284
/location/statistical_region/gdp_nominal./measurement_unit/dated_money_value/currency	275
/location/country/official_language	272
/tv/tv_producer_type/tv_producers_of_this_type./tv/tv_producer_term/producer	266
/tv/tv_producer/programs_produced./tv/tv_producer_term/producer_type	266
/music/performance_role/guest_performances./music/recording_contribution/contributor	264
/music/artist/contribution./music/recording_contribution/performance_role	264
/business/business_operation/revenue./measurement_unit/dated_money_value/currency	264
/government/politician/government_positions_held./government/government_position_held/legislative_sessions	263
/government/legislative_session/members./government/government_position_held/office_holder	263
/music/musical_group/member./music/group_membership/member	261
/music/group_member/membership./music/group_membership/group	261
/film/person_or_entity_appearing_in_film/films./film/personal_film_appearance/film	256
/film/film/personal_appearances./film/personal_film_appearance/person	256
/business/business_operation/operating_income./measurement_unit/dated_money_value/currency	247
/people/ethnicity/languages_spoken	245
/award/award_discipline/awards_in_this_discipline	245
/award/award_category/disciplines_or_subjects	245
/base/schemastaging/organization_extra/phone_number./base/schemastaging/phone_sandbox/service_language	244
/location/statistical_region/gdp_nominal_per_capita./measurement_unit/dated_money_value/currency	236
/base/petbreeds/dog_breed/cities_where_this_dog_is_popular./base/petbreeds/dog_city_relationship/cities	235
/base/petbreeds/city_with_dogs/top_breeds./base/petbreeds/dog_city_relationship/dog_breed	235
/organization/organization/parent./organization/organization_relationship/parent	233
/organization/organization/child./organization/organization_relationship/child	233
/film/film_costumer_designer/costume_design_for_film	233
/film/film/costume_design_by	233
/location/us_county/county_seat	231
/user/ktrueman/default_domain/international_organization/member_states	229
/film/film/edited_by	227
/film/editor/film	227
/business/business_operation/assets./measurement_unit/dated_money_value/currency	225
/sports/sports_position/players./baseball/baseball_roster_position/team	224
/film/film/runtime./film/film_cut/film_release_region	224
/baseball/baseball_team/current_roster./sports/sports_team_roster/position	224
/sports/sports_team/roster./baseball/baseball_roster_position/position	221
/film/film/sequel	221
/film/film/prequel	221
/baseball/baseball_team/current_roster./baseball/baseball_roster_position/position	221
/organization/organization/headquarters./location/mailing_address/country	220
/sports/sports_team/roster./basketball/basketball_roster_position/position	215
/location/statistical_region/places_imported_from./location/imports_and_exports/imported_from	215
/location/statistical_region/places_exported_to./location/imports_and_exports/exported_to	215
/basketball/basketball_team/roster./basketball/basketball_roster_position/position	215
/basketball/basketball_position/player_roster_position./sports/sports_team_roster/team	215
/basketball/basketball_position/player_roster_position./basketball/basketball_roster_position/team	215
/sports/sports_position/players./basketball/basketball_roster_position/team	213
/basketball/basketball_team/roster./sports/sports_team_roster/position	213
/influence/influence_node/peers./influence/peer_relationship/peers	204
/medicine/symptom/symptom_of	200
/medicine/risk_factor/diseases	200
/medicine/disease/symptoms	200
/medicine/disease/risk_factors	200
/location/statistical_region/gdp_real./measurement_unit/adjusted_money_value/adjustment_currency	197
/film/film_production_designer/films_production_designed	196
/film/film/film_production_design_by	196
/base/popstra/celebrity/breakup./base/popstra/breakup/participant	192
/sports/sports_team/league./sports/sports_league_participation/league	191
/sports/sports_league/teams./sports/sports_league_participation/team	191
/film/film/distributors./film/film_film_distributor_relationship/region	191
/base/aareas/schema/administrative_area/administrative_area_type	191
/award/hall_of_fame_inductee/hall_of_fame_inductions./award/hall_of_fame_induction/hall_of_fame	191
/award/hall_of_fame/inductees./award/hall_of_fame_induction/inductee	191
/travel/travel_destination/how_to_get_here./travel/transportation/mode_of_transportation	182
/location/statistical_region/gni_per_capita_in_ppp_dollars./measurement_unit/dated_money_value/currency	182
/location/statistical_region/gni_in_ppp_dollars./measurement_unit/dated_money_value/currency	182
/award/award_category/category_of	181
/award/award/category	181
/tv/tv_program_creator/programs_created	179
/tv/tv_program/program_creator	179
/base/schemastaging/organization_extra/phone_number./base/schemastaging/phone_sandbox/contact_category	179
/location/country/capital	177
/people/place_of_interment/interred_here	171
/people/deceased_person/place_of_burial	171
/location/country/first_level_divisions	171
/location/administrative_division/first_level_division_of	171
/organization/organization_founder/organizations_founded	170
/organization/organization/founders	170
/people/person/sibling_s./people/sibling_relationship/sibling	168
/base/aareas/schema/administrative_area/capital	167
/base/locations/countries/continent	165
/base/locations/continents/countries_within	165
/base/eating/practicer_of_diet/diet	165
/base/eating/diets/people_who_follow_this_diet	165
/sports/sport/pro_athletes./sports/pro_sports_played/athlete	164
/sports/pro_athlete/sports_played_professionally./sports/pro_sports_played/sport	164
/organization/non_profit_organization/registered_with./organization/non_profit_registration/registering_agency	162
/education/university/fraternities_and_sororities	162
/education/fraternity_sorority/colleges_and_universities	162
/sports/sports_team/roster./ice_hockey/hockey_roster_position/position	156
/location/location/partially_contains	156
/location/location/partially_containedby	156
/ice_hockey/hockey_team/current_roster./ice_hockey/hockey_roster_position/position	155
/sports/sports_position/players./ice_hockey/hockey_roster_position/team	154
/ice_hockey/hockey_team/current_roster./sports/sports_team_roster/position	154
/people/ethnicity/geographic_distribution	153
/film/special_film_performance_type/film_performance_type./film/performance/film	151
/film/film/starring./film/performance/special_performance_type	151
/sports/sports_position/players./sports/sports_team_roster/position	150
/base/americancomedy/impersonated_celebrity/impersonated_by	150
/base/americancomedy/celebrity_impressionist/celebrities_impersonated	150
/tv/tv_program/tv_producer./tv/tv_producer_term/producer_type	148
/tv/tv_producer_type/tv_producers_of_this_type./tv/tv_producer_term/program	148
/organization/organization/place_founded	147
/medicine/notable_person_with_medical_condition/condition	145
/medicine/disease/notable_people_with_this_condition	145
/film/film/dubbing_performances./film/dubbing_performance/actor	143
/film/actor/dubbing_performances./film/dubbing_performance/language	143
/film/actor/dubbing_performances./film/dubbing_performance/film	143
/education/university/international_tuition./measurement_unit/dated_money_value/currency	141
/people/profession/specializations	137
/people/profession/specialization_of	137
/government/politician/government_positions_held./government/government_position_held/basic_title	136
/government/government_office_category/officeholders./government/government_position_held/office_holder	136
/film/film_set_designer/film_sets_designed	136
/film/film/film_set_decoration_by	136
/time/recurring_event/instances	134
/time/event/instance_of_recurring_event	134
/tv/tv_personality/tv_regular_appearances./tv/tv_regular_personal_appearance/appearance_type	133
/tv/non_character_role/tv_regular_personal_appearances./tv/tv_regular_personal_appearance/person	133
/government/politician/government_positions_held./government/government_position_held/jurisdiction_of_office	133
/government/governmental_jurisdiction/governing_officials./government/government_position_held/office_holder	133
/base/localfood/seasonal_month/produce_available./base/localfood/produce_availability/seasonal_months	132
/tv/tv_program/regular_personal_appearances./tv/tv_regular_personal_appearance/person	131
/tv/tv_personality/tv_regular_appearances./tv/tv_regular_personal_appearance/program	131
/government/politician/party./government/political_party_tenure/party	130
/government/political_party/politicians_in_this_party./government/political_party_tenure/politician	130
/olympics/olympic_medal/medal_winners./olympics/olympic_medal_honor/olympics	129
/olympics/olympic_games/medals_awarded./olympics/olympic_medal_honor/medal	129
/sports/sports_position/players./american_football/football_historical_roster_position/position_s	128
/broadcast/content/artist	127
/broadcast/artist/content	127
/user/alexander/philosophy/subject/philosophers	123
/user/alexander/philosophy/philosopher/interests	123
/base/activism/activist/area_of_activism	123
/base/activism/activism_issue/activists	123
/music/instrument/variation	122
/music/instrument/family	122
/government/legislative_session/members./government/government_position_held/governmental_body	122
/government/governmental_body/members./government/government_position_held/legislative_sessions	122
/dataworld/gardening_hint/split_to	120
/base/x2010fifaworldcupsouthafrica/world_cup_squad/current_world_cup_squad./base/x2010fifaworldcupsouthafrica/current_world_cup_squad/position	120
/education/educational_institution/subsidiary_or_constituent_schools	117
/education/educational_institution/parent_institution	117
/film/film_art_director/films_art_directed	116
/film/film/film_art_direction_by	116
/base/saturdaynightlive/snl_cast_member/seasons./base/saturdaynightlive/snl_season_tenure/cast_members	116
/music/voice/singers	113
/music/group_member/vocal_range	113
/sports/sports_position/players./sports/sports_team_roster/player	112
/sports/pro_athlete/teams./sports/sports_team_roster/position	112
/organization/organization/phone_number./common/phone_number/service_location	110
/symbols/namesake/named_after	109
/symbols/name_source/namesakes	109
/people/person/parents	104
/people/person/children	104
/award/award_presenting_organization/award_categories_presented	102
/award/award_category/presenting_organization	102
/tv/tv_actor/starring_roles./tv/regular_tv_appearance/special_performance_type	99
/tv/special_tv_performance_type/starring_performances./tv/regular_tv_appearance/actor	99
/base/popstra/celebrity/lived_with./base/popstra/lived_with/participant	98
/military/military_conflict/commanders./military/military_command/military_commander	97
/military/military_commander/military_commands./military/military_command/military_conflict	97
/government/legislative_session/members./government/government_position_held/basic_title	95
/government/government_office_category/officeholders./government/government_position_held/legislative_sessions	95
/military/military_person/participated_in_conflicts	94
/military/military_conflict/military_personnel_involved	94
/food/diet_follower/follows_diet	93
/food/diet/followers	93
/education/educational_degree/people_with_this_degree./education/education/specialization	93
/military/military_combatant/force_deployments./military/force_strength/combatant	92
/organization/organization/legal_structure	90
/business/company_type/companies_of_this_type	90
/soccer/football_position/players	89
/soccer/football_player/position_s	89
/education/educational_institution/students_graduates./education/education/specialization	89
/base/academyawards/host_of_oscar_show/oscar_show_hosted	89
/government/politician/government_positions_held./government/government_position_held/governmental_body	88
/government/political_district/representatives./government/government_position_held/governmental_body	88
/government/governmental_body/members./government/government_position_held/office_holder	88
/government/governmental_body/members./government/government_position_held/district_represented	88
/business/business_operation/net_profit./measurement_unit/dated_money_value/currency	88
/film/film/gross_revenue./measurement_unit/dated_money_value/currency	87
/protected_sites/natural_or_cultural_site_designation/sites./protected_sites/natural_or_cultural_site_listing/listed_site	85
/protected_sites/listed_site/designation_as_natural_or_cultural_site./protected_sites/natural_or_cultural_site_listing/designation	85
/military/military_conflict/commanders./military/military_command/military_combatant	85
/military/military_combatant/military_commanders./military/military_command/military_conflict	85
/organization/organization_scope/organizations_with_this_scope	84
/organization/organization/geographic_scope	84
/people/family/country	82
/base/localfood/seasonal_month/produce_available./base/localfood/produce_availability/produce	82
/base/localfood/produce/availability./base/localfood/produce_availability/seasonal_months	82
/people/person/employment_history./business/employment_tenure/title	81
/government/political_appointer/appointees./government/government_position_held/governmental_body	81
/government/governmental_body/members./government/government_position_held/appointed_by	81
/film/film_character/portrayed_in_films./film/performance/actor	81
/film/actor/film./film/performance/character	81
/business/job_title/people_with_this_title./business/employment_tenure/person	81
/sports/sports_position/players./soccer/football_roster_position/player	79
/soccer/football_player/current_team./sports/sports_team_roster/position	79
/language/human_language/main_country	78
/government/politician/government_positions_held./government/government_position_held/office_position_or_title	78
/government/government_office_or_title/office_holders./government/government_position_held/office_holder	78
/base/schemastaging/tv_program_extra/regular_dubbing_performances./base/schemastaging/tv_star_dubbing_performance/actor	78
/base/schemastaging/tv_actor_extra/regular_dubbing_performances./base/schemastaging/tv_star_dubbing_performance/program	78
/base/popstra/religion/membership./base/popstra/religion_choice/member	78
/base/popstra/celebrity/religion./base/popstra/religion_choice/religion	78
/sports/pro_athlete/teams./soccer/football_roster_position/position	77
/soccer/football_player/current_team./soccer/football_roster_position/position	77
/film/film_character/portrayed_in_films./film/performance/film	77
/film/film/starring./film/performance/character	77
/base/schemastaging/organization_extra/phone_number./base/schemastaging/phone_open_times/time_zone	77
/military/military_person/service./military/military_service/military_force	74
/military/armed_force/personnel./military/military_service/military_person	74
/medicine/disease/parent_disease	74
/medicine/disease/includes_diseases	74
/organization/organization/phone_number./common/phone_number/category	73
/film/film_job/films_with_this_crew_job./film/film_crew_gig/crewmember	73
/film/film_crewmember/films_crewed./film/film_crew_gig/film_crew_role	73
/medicine/medical_specialty/diseases_treated	72
/medicine/disease/medical_specialties	72
/media_common/media_genre/parent_genre	72
/media_common/media_genre/child_genres	72
/education/field_of_study/students_majoring./education/education/minor	70
/education/field_of_study/students_majoring./education/education/specialization	69
/education/educational_institution/students_graduates./education/education/minor	69
/business/business_operation/liabilities./measurement_unit/dated_money_value/currency	69
/education/educational_degree/people_with_this_degree./education/education/minor	67
/organization/organization_type/organizations_of_this_type	66
/organization/organization/organization_type	66
/olympics/olympic_athlete/medals_won./olympics/olympic_medal_honor/medalist	66
/business/business_operation/retained_earnings./measurement_unit/dated_money_value/currency	66
/government/political_district/representatives./government/government_position_held/jurisdiction_of_office	64
/government/political_appointer/appointees./government/government_position_held/office_position_or_title	64
/government/governmental_jurisdiction/governing_officials./government/government_position_held/district_represented	64
/government/government_office_or_title/office_holders./government/government_position_held/appointed_by	64
/soccer/football_team/league./soccer/football_league_participation/league	63
/soccer/football_league/teams./soccer/football_league_participation/team	63
/film/film/runtime./film/film_cut/type_of_film_cut	63
/business/business_operation/current_liabilities./measurement_unit/dated_money_value/currency	62
/business/business_operation/current_assets./measurement_unit/dated_money_value/currency	62
/base/popstra/organization/supporter./base/popstra/support/supporter	62
/base/popstra/celebrity/supporter./base/popstra/support/supported_organization	62
/olympics/olympic_games/athletes./olympics/olympic_athlete_affiliation/athlete	61
/olympics/olympic_athlete/country./olympics/olympic_athlete_affiliation/olympics	61
/medicine/medical_treatment/used_to_treat	59
/medicine/disease/treatments	59
/location/country/currency_used	59
/government/political_appointer/appointees./government/government_position_held/basic_title	59
/government/government_office_category/officeholders./government/government_position_held/appointed_by	59
/finance/currency/countries_used	59
/tv/tv_character/appeared_in_tv_program./tv/regular_tv_appearance/actor	58
/tv/tv_actor/starring_roles./tv/regular_tv_appearance/character	58
/government/legislative_session/legislature	58
/government/governmental_body/sessions	58
/business/business_operation/cash./measurement_unit/dated_money_value/currency	57
/government/legislative_session/members./government/government_position_held/jurisdiction_of_office	56
/government/governmental_jurisdiction/governing_officials./government/government_position_held/legislative_sessions	56
/base/schemastaging/tv_actor_extra/regular_dubbing_performances./base/schemastaging/tv_star_dubbing_performance/language	54
/tv/tv_actor/guest_roles./tv/tv_guest_role/special_performance_type	53
/tv/special_tv_performance_type/episode_performances./tv/tv_guest_role/actor	53
/royalty/order_of_chivalry/recipients./royalty/chivalric_order_membership/recipient	53
/royalty/chivalric_order_member/belongs_to_order./royalty/chivalric_order_membership/order	53
/food/ingredient/compatible_with_dietary_restrictions	53
/food/dietary_restriction/compatible_ingredients	53
/language/language_writing_system/languages	52
/language/human_language/writing_system	52
/government/legislative_session/members./government/government_position_held/office_position_or_title	52
/government/government_office_or_title/office_holders./government/government_position_held/legislative_sessions	52
/user/mt/default_domain/metabolite/biofluid_location	51
/sports/sports_team/roster./american_football/football_historical_roster_position/player	51
/sports/pro_athlete/teams./american_football/football_historical_roster_position/team	51
/military/military_conflict/casualties./military/casualties/combatant	51
/military/military_combatant/casualties./military/casualties/military_conflict	51
/government/political_appointer/appointees./government/government_position_held/jurisdiction_of_office	51
/government/governmental_jurisdiction/governing_officials./government/government_position_held/appointed_by	51
/film/film_casting_director/films_casting_directed	51
/film/film/film_casting_director	51
/celebrities/sexual_orientation/celebrities./celebrities/sexual_orientation_phase/celebrity	51
/celebrities/celebrity/sexual_orientation./celebrities/sexual_orientation_phase/sexual_orientation	51
/american_football/football_team/historical_roster./sports/sports_team_roster/player	51
/american_football/football_team/historical_roster./american_football/football_historical_roster_position/player	51
/american_football/football_player/former_teams./sports/sports_team_roster/team	51
/american_football/football_player/former_teams./american_football/football_historical_roster_position/team	51
/base/events/performer/performances./base/events/performance/performer	50
/olympics/olympic_games/medals_awarded./olympics/olympic_medal_honor/medalist	49
/olympics/olympic_athlete/medals_won./olympics/olympic_medal_honor/olympics	49
/people/ethnicity/includes_groups	48
/people/ethnicity/included_in_group	48
/user/alexbl/honorary_title/titled_person/honorary_title./user/alexbl/honorary_title/honorary_title_holding/honorary_title	47
/user/alexbl/honorary_title/honorary_title/titled_people./user/alexbl/honorary_title/honorary_title_holding/conferred_upon	47
/media_common/adapted_work/adaptations	46
/media_common/adaptation/adapted_from	46
/location/place_with_neighborhoods/neighborhoods	46
/location/neighborhood/neighborhood_of	46
/education/field_of_study/subdisciplines	46
/education/field_of_study/subdiscipline_of	46
/time/event/includes_event	45
/time/event/included_in_event	45
/language/human_language/region	45
/base/schemastaging/athlete_extra/salary./base/schemastaging/athlete_salary/team	45
/people/cause_of_death/parent_cause_of_death	44
/people/cause_of_death/includes_causes_of_death	44
/military/rank/used_by_services./military/military_service/military_force	44
/military/armed_force/personnel./military/military_service/rank	44
/film/film/dubbing_performances./film/dubbing_performance/language	44
/base/schemastaging/tv_program_extra/regular_dubbing_performances./base/schemastaging/tv_star_dubbing_performance/language	44
/olympics/olympic_sport/athletes./olympics/olympic_athlete_affiliation/athlete	43
/olympics/olympic_participating_country/athletes./olympics/olympic_athlete_affiliation/athlete	43
/olympics/olympic_athlete/country./olympics/olympic_athlete_affiliation/sport	43
/olympics/olympic_athlete/country./olympics/olympic_athlete_affiliation/country	43
/base/schemastaging/athlete_extra/salary./base/schemastaging/athlete_salary/currency	43
/olympics/olympic_medal/medal_winners./olympics/olympic_medal_honor/medalist	42
/olympics/olympic_athlete/medals_won./olympics/olympic_medal_honor/medal	42
/military/military_commander/military_commands./military/military_command/military_combatant	41
/military/military_combatant/military_commanders./military/military_command/military_commander	41
/medicine/disease_cause/diseases	41
/medicine/disease/causes	41
/media_common/dedicator/dedications./media_common/dedication/dedicated_to	41
/media_common/dedicatee/dedications./media_common/dedication/dedicated_by	41
/american_football/football_team/historical_coaching_staff./american_football/football_historical_coach_position/position	41
/american_football/football_coach_position/coaches_holding_this_position./american_football/football_historical_coach_position/team	41
/visual_art/visual_artist/art_forms	40
/visual_art/visual_art_form/artists	40
/sports/sports_team/roster./basketball/basketball_historical_roster_position/player	39
/sports/pro_athlete/teams./basketball/basketball_historical_roster_position/team	39
/people/appointer/appointment_made./people/appointment/appointed_role	39
/people/appointed_role/appointment./people/appointment/appointed_by	39
/basketball/basketball_team/historical_roster./sports/sports_team_roster/player	39
/basketball/basketball_team/historical_roster./basketball/basketball_historical_roster_position/player	39
/basketball/basketball_player/former_teams./sports/sports_team_roster/team	39
/basketball/basketball_player/former_teams./basketball/basketball_historical_roster_position/team	39
/tv/tv_series_season/regular_cast./tv/regular_tv_appearance/actor	38
/tv/tv_actor/starring_roles./tv/regular_tv_appearance/seasons	38
/government/politician/government_positions_held./government/government_position_held/appointed_by	38
/government/political_appointer/appointees./government/government_position_held/office_holder	38
/travel/travel_destination/tourist_attractions	37
/travel/tourist_attraction/near_travel_destination	37
/government/political_party/ideology	37
/government/political_ideology/political_parties	37
/tv/tv_program/regular_personal_appearances./tv/tv_regular_personal_appearance/appearance_type	36
/tv/non_character_role/tv_regular_personal_appearances./tv/tv_regular_personal_appearance/program	36
/government/politician/government_positions_held./government/government_position_held/district_represented	36
/government/political_district/representatives./government/government_position_held/office_holder	36
/book/school_or_movement/associated_authors	36
/book/author/school_or_movement	36
/basketball/basketball_player/player_statistics./basketball/basketball_player_stats/team	36
/olympics/olympic_participating_country/medals_won./olympics/olympic_medal_honor/medalist	35
/olympics/olympic_athlete/medals_won./olympics/olympic_medal_honor/country	35
/base/popstra/company/product_endorser./base/popstra/paid_support/endorser	35
/base/popstra/celebrity/endorsements./base/popstra/paid_support/company	35
/american_football/football_position/players	35
/american_football/football_player/position_s	35
/education/educational_institution/sexes_accepted./education/gender_enrollment/sex	34
/aviation/airline/airports_served./aviation/airline_airport_presence/cities_served	34
/user/szaijan/fantasy_football/player/nfl_team	33
/sports/school_sports_team/school	33
/organization/role/leaders./organization/leadership/person	33
/education/educational_institution/sports_teams	33
/business/board_member/leader_of./organization/leadership/role	33
/tv/tv_program/regular_cast./tv/regular_tv_appearance/special_performance_type	32
/tv/special_tv_performance_type/starring_performances./tv/regular_tv_appearance/series	32
/sports/sports_team/season_record./sports/sports_team_season_record/season	32
/computer/programming_language_paradigm/languages	32
/computer/programming_language/language_paradigms	32
/computer/programming_language/influenced_by	32
/computer/programming_language/influenced	32
/organization/organization_sector/organizations_in_this_sector	31
/organization/organization/sectors	31
/organization/organization/companies_acquired./business/acquisition/company_acquired	31
/organization/organization/acquired_by./business/acquisition/acquiring_company	31
/government/political_district/representatives./government/government_position_held/basic_title	31
/government/government_office_category/officeholders./government/government_position_held/district_represented	31
/base/biblioness/bibs_location/city	31
/aviation/airport/airlines./aviation/airline_airport_presence/cities_served	31
/tv/tv_program_guest/appeared_on./tv/tv_guest_personal_appearance/appearance_type	30
/tv/non_character_role/tv_guest_personal_appearances./tv/tv_guest_personal_appearance/person	30
/government/governmental_body/members./government/government_position_held/basic_title	30
/government/government_office_category/officeholders./government/government_position_held/governmental_body	30
/user/hangy/default_domain/sports_team_gender/gender	29
/sports/sports_team/roster./baseball/baseball_historical_roster_position/player	29
/sports/pro_athlete/teams./baseball/baseball_historical_roster_position/team	29
/royalty/royal_line/kingdom_s_ruled	29
/military/military_conflict/force_strengths./military/force_strength/combatant	29
/military/military_combatant/force_deployments./military/force_strength/military_conflict	29
/language/language_family/languages	29
/language/human_language/language_family	29
/geography/river/cities	29
/basketball/basketball_position/players	29
/basketball/basketball_player/position_s	29
/baseball/baseball_team/historical_roster./sports/sports_team_roster/player	29
/baseball/baseball_team/historical_roster./baseball/baseball_historical_roster_position/player	29
/baseball/baseball_player/former_teams./sports/sports_team_roster/team	29
/baseball/baseball_player/former_teams./baseball/baseball_historical_roster_position/team	29
/base/saints/saint/venerated_in	29
/sports/sports_league_season/awards./sports/sports_award/award	28
/sports/sports_award_type/winners./sports/sports_award/season	28
/religion/religion/is_part_of	28
/religion/religion/includes	28
/organization/organization/board_members./organization/organization_board_membership/member	28
/medicine/drug/legal_status	28
/business/board_member/organization_board_memberships./organization/organization_board_membership/organization	28
/baseball/baseball_player/batting_stats./baseball/batting_statistics/team	27
/tv/tv_program/spun_off_from	26
/tv/tv_program/spin_offs	26
/tv/tv_network/areas_served	26
/fictional_universe/fictional_character_creator/fictional_characters_created	26
/fictional_universe/fictional_character/character_created_by	26
/base/popstra/company/shopping_choice./base/popstra/shopping_choice/shopper	26
/base/popstra/celebrity/shops_at./base/popstra/shopping_choice/company	26
/base/popstra/celebrity/hangout./base/popstra/hangout/business_location	26
/base/popstra/business_location/customer./base/popstra/hangout/customer	26
/base/contractbridge/bridge_player/teammates./base/contractbridge/bridge_player_teammates/teammate	26
/base/contractbridge/bridge_player/first_place_finish./base/contractbridge/bridge_tournament_standings/first_place	26
/transportation/road/major_cities	25
/baseball/baseball_player/batting_stats./baseball/batting_statistics/season	25
/user/alexander/philosophy/philosopher/era	24
/user/alexander/philosophy/era/philosophers	24
/government/governmental_jurisdiction/government_bodies	24
/government/governmental_jurisdiction/governing_officials./government/government_position_held/governmental_body	24
/government/governmental_jurisdiction/agencies	24
/government/governmental_body/members./government/government_position_held/jurisdiction_of_office	24
/government/governmental_body/jurisdiction	24
/government/government_agency/jurisdiction	24
/fictional_universe/fictional_character/gender	24
/fictional_universe/character_gender/characters_of_this_gender	24
/biology/organism_classification_rank/organism_classifications	24
/biology/organism_classification/rank	24
/base/x2010fifaworldcupsouthafrica/world_cup_participant/world_cup_team./base/x2010fifaworldcupsouthafrica/current_world_cup_squad/position	24
/base/fight/crime_type/people_convicted_of_this_crime./base/crime/criminal_conviction/guilty_of	24
/royalty/monarch/kingdom	23
/royalty/kingdom/rulers	23
/location/symbol_of_administrative_division/official_symbol_of./location/location_symbol_relationship/administrative_division	23
/government/governmental_jurisdiction/official_symbols./location/location_symbol_relationship/symbol	23
/government/governmental_jurisdiction/governing_officials./government/government_position_held/office_position_or_title	23
/government/government_office_or_title/office_holders./government/government_position_held/jurisdiction_of_office	23
/chemistry/chemical_compound/solubility./chemistry/solubility_relationship/solvent	23
/base/popstra/restaurant/restaurant_choice./base/popstra/restaurant_choice/diner	23
/base/popstra/celebrity/eats_at./base/popstra/restaurant_choice/restaurant	23
/base/localfood/produce/availability./base/localfood/produce_availability/location	23
/base/localfood/food_producing_region/seasonal_availability./base/localfood/produce_availability/produce	23
/base/contractbridge/bridge_player/second_place_finish./base/contractbridge/bridge_tournament_standings/first_place	23
/base/contractbridge/bridge_player/first_place_finish./base/contractbridge/bridge_tournament_standings/second_place	23
/base/americancomedy/comedy_group_member/belongs_to./base/americancomedy/comedy_group_membership/group	23
/base/americancomedy/comedy_group/members./base/americancomedy/comedy_group_membership/member	23
/organization/role/governors./organization/organization_board_membership/organization	22
/organization/organization/board_members./organization/organization_board_membership/role	22
/geography/river/basin_countries	22
/base/x2010fifaworldcupsouthafrica/world_cup_squad/current_world_cup_squad./base/x2010fifaworldcupsouthafrica/current_world_cup_squad/players	22
/base/x2010fifaworldcupsouthafrica/world_cup_participant/world_cup_team./base/x2010fifaworldcupsouthafrica/current_world_cup_squad/national_team	22
/base/x2010fifaworldcupsouthafrica/world_cup_participant/world_cup_team./base/x2010fifaworldcupsouthafrica/current_world_cup_squad/current_club	22
/base/twinnedtowns/twinned_town/twinned_with./base/twinnedtowns/town_twinning/twinned_towns	22
/base/nobelprizes/nobel_subject_area/nobel_awards./base/nobelprizes/nobel_honor/nobel_prize_winner	22
/base/nobelprizes/nobel_prize_winner/nobel_honor./base/nobelprizes/nobel_honor/subject_area	22
/base/contractbridge/bridge_player/second_place_finish./base/contractbridge/bridge_tournament_standings/second_place	22
/travel/travel_destination/how_to_get_here./travel/transportation/transport_operator	21
/travel/transport_operator/travel_destinations_served./travel/transportation/travel_destination	21
/sports/sports_team/championships	21
/sports/sports_championship_event/champion	21
/soccer/football_player/matches_played./soccer/football_player_match_participation/team	21
/fictional_universe/work_of_fiction/part_of_these_fictional_universes	21
/fictional_universe/fictional_universe/works_set_here	21
/tv/tv_series_season/regular_cast./tv/regular_tv_appearance/seasons	20
/film/film_festival_event/festival	20
/film/film_festival/individual_festivals	20
/fictional_universe/fictional_character/occupation	20
/fictional_universe/character_occupation/characters_with_this_occupation	20
/baseball/baseball_position/players	20
/baseball/baseball_player/position_s	20
/base/parody/parody/parody_of	20
/base/parody/parodied_subject/parodies	20
/base/fight/crime_type/people_convicted_of_this_crime./base/crime/criminal_conviction/convicted_person	20
/base/crime/convicted_criminal/convictions./base/crime/criminal_conviction/guilty_of	20
/user/robert/us_congress/us_representative/congressional_caucus_memberships	19
/user/robert/us_congress/congressional_caucus/current_house_members	19
/sports/sports_team_owner/teams_owned	19
/sports/sports_position/players./american_football/football_historical_roster_position/player	19
/sports/professional_sports_team/owner_s	19
/sports/pro_athlete/teams./american_football/football_historical_roster_position/position_s	19
/religion/religion/notable_figures	19
/people/deceased_person/place_of_cremation	19
/military/rank/used_by_services./military/military_service/military_person	19
/military/military_person/service./military/military_service/rank	19
/medicine/drug_ingredient/active_moiety_of_drug	19
/medicine/drug/active_moieties	19
/geography/lake/cities	19
/fictional_universe/fictional_character/powers_or_abilities	19
/fictional_universe/character_powers/characters_with_this_ability	19
/cvg/cvg_genre/games	19
/cvg/computer_videogame/cvg_genre	19
/base/bioventurist/science_or_technology_company/develops_treatments_for_disease	19
/base/bioventurist/bv_medical_condition/company_involved	19
/american_football/football_player/former_teams./sports/sports_team_roster/position	19
/american_football/football_player/former_teams./american_football/football_historical_roster_position/position_s	19
/visual_art/visual_artist/associated_periods_or_movements	18
/visual_art/art_period_movement/associated_artists	18
/tv/tv_program/filming_locations	18
/tv/tv_location/tv_shows_filmed_here	18
/sports/sports_award_winner/awards./sports/sports_award/award	18
/sports/sports_award_type/winners./sports/sports_award/award_winner	18
/cvg/gameplay_mode/games_with_this_mode	18
/cvg/computer_videogame/gameplay_modes	18
/aviation/airport/airlines./aviation/airline_airport_presence/airline	18
/aviation/airline/airports_served./aviation/airline_airport_presence/airport	18
/tv/tv_series_episode/guest_stars./tv/tv_guest_role/actor	17
/tv/tv_actor/guest_roles./tv/tv_guest_role/episodes_appeared_in	17
/sports/professional_sports_team/draft_picks./sports/sports_league_draft_pick/player	17
/sports/drafted_athlete/drafted./sports/sports_league_draft_pick/team	17
/music/group_member/artists_supported	17
/music/artist/supporting_artists	17
/broadcast/genre/content	17
/broadcast/content/genre	17
/venture_capital/venture_investor/investments./venture_capital/venture_investment/company	16
/venture_capital/venture_funded_company/venture_investors./venture_capital/venture_investment/investor	16
/user/mt/default_domain/metabolite/associated_disorder	16
/tv/tv_program/regular_cast./tv/regular_tv_appearance/character	16
/tv/tv_character/appeared_in_tv_program./tv/regular_tv_appearance/series	16
/people/family_member/family	16
/people/family/members	16
/film/film_company/films./film/film_film_company_relationship/film	16
/film/film/other_film_companies./film/film_film_company_relationship/film_company	16
/base/schemastaging/person_extra/net_worth./measurement_unit/dated_money_value/source	16
/base/popstra/company/fashion_choice./base/popstra/fashion_choice/fashion_wearer	16
/base/popstra/celebrity/wears./base/popstra/fashion_choice/designer	16
/tv/tv_series_episode/series	15
/tv/tv_program/episodes	15
/tennis/tennis_player/matches_won./tennis/tennis_match/loser	15
/tennis/tennis_player/matches_lost./tennis/tennis_match/winner	15
/government/government_office_or_title/category	15
/government/government_office_category/offices	15
/fictional_universe/work_of_fiction/setting	15
/fictional_universe/fictional_setting/works_set_here	15
/common/webpage/category	15
/common/annotation_category/annotations	15
/architecture/structure/architectural_style	15
/architecture/architectural_style/examples	15
/organization/organization/leadership./organization/leadership/person	14
/business/board_member/leader_of./organization/leadership/organization	14
/broadcast/broadcast/area_served	14
/baseball/baseball_team/league	14
/baseball/baseball_league/teams	14
/base/nobelprizes/nobel_subject_area/nobel_awards./base/nobelprizes/nobel_honor/subject_area	14
/user/narphorium/people/wealthy_person/net_worth./measurement_unit/dated_money_value/currency	13
/user/coco/science/concepts_theories/parent_concept	13
/user/coco/science/concepts_theories/child_concept	13
/tv/tv_subject/tv_programs	13
/tv/tv_program/subjects	13
/tv/tv_character/appeared_in_tv_episodes./tv/tv_guest_role/actor	13
/tv/tv_actor/guest_roles./tv/tv_guest_role/character	13
/sports/sports_championship_event/championship	13
/sports/sports_championship/events	13
/sports/sports_award_winner/awards./sports/sports_award/team	13
/location/location/nearby_airports	13
/government/governmental_jurisdiction/government_positions	13
/government/government_office_or_title/office_holders./government/government_position_held/basic_title	13
/government/government_office_or_title/jurisdiction	13
/government/government_office_category/officeholders./government/government_position_held/office_position_or_title	13
/broadcast/radio_station/format	13
/broadcast/radio_format/stations	13
/base/popstra/product/sold_to./base/popstra/product_choice/consumer	13
/base/popstra/celebrity/bought./base/popstra/product_choice/product	13
/base/americancomedy/comedy_genre/comedians_in_this_genre	13
/base/americancomedy/comedian/comedy_genres	13
/award/long_list_nominee/long_list_nominations./award/long_list_nomination/award	13
/award/award_category/long_lists./award/long_list_nomination/nominee	13
/aviation/airport/serves	13
/music/genre/albums	12
/music/album/genre	12
/food/ingredient/incompatible_with_dietary_restrictions	12
/food/dietary_restriction/incompatible_ingredients	12
/computer/operating_system/parent_os	12
/computer/operating_system/includes_os_versions	12
/business/sponsored_recipient/sponsorship./business/sponsorship/sponsored_by	12
/business/sponsor/sponsorship./business/sponsorship/sponsored_recipient	12
/aviation/airport/focus_city_for	12
/aviation/airline/focus_cities	12
/sports/sports_team/roster./basketball/basketball_roster_position/player	11
/sports/pro_athlete/teams./basketball/basketball_roster_position/team	11
/royalty/royal_line/monarchs_from_this_line	11
/royalty/monarch/royal_line	11
/religion/religious_practice/practice_of	11
/religion/religion/practices	11
/geography/island/body_of_water	11
/geography/body_of_water/islands	11
/basketball/basketball_team/roster./sports/sports_team_roster/player	11
/basketball/basketball_team/roster./basketball/basketball_roster_position/player	11
/basketball/basketball_player/team./sports/sports_team_roster/team	11
/basketball/basketball_player/team./basketball/basketball_roster_position/team	11
/base/newsevents/news_reporting_organisation/news_reports./base/newsevents/news_report/event	11
/base/newsevents/news_reported_event/news_report_s./base/newsevents/news_report/news_reporting_organisation	11
/base/crime/crime_victim/crime	11
/base/crime/crime/victim_s	11
/aviation/airport/hub_for	11
/aviation/airline/hubs	11
/sports/sports_position/players./basketball/basketball_roster_position/player	10
/sports/pro_athlete/teams./basketball/basketball_roster_position/position	10
/organization/organization/involved_in_merger./organization/organization_merger/organizations_merging	10
/location/country/currency_formerly_used	10
/finance/currency/countries_formerly_used	10
/computer/software_genre/software_in_genre	10
/computer/software/software_genre	10
/basketball/basketball_position/player_roster_position./sports/sports_team_roster/player	10
/basketball/basketball_position/player_roster_position./basketball/basketball_roster_position/player	10
/basketball/basketball_player/team./sports/sports_team_roster/position	10
/basketball/basketball_player/team./basketball/basketball_roster_position/position	10
/base/fight/crime_type/victims_of_this_crime_type	10
/base/crime/crime_victim/crime_type	10
/base/argumentmaps/morally_disputed_activity/instance_of_abstract_moral_dispute	10
/base/argumentmaps/abstract_moral_dispute/particular_instances	10
/architecture/museum/address./location/mailing_address/citytown	10
/sports/drafted_athlete/drafted./sports/sports_league_draft_pick/school	9
/medicine/type_of_infectious_agent/diseases	9
/medicine/infectious_disease/infectious_agent_type	9
/geography/geographical_feature_category/features	9
/geography/geographical_feature/category	9
/film/special_film_performance_type/film_performance_type./film/performance/character	9
/film/film_character/portrayed_in_films./film/performance/special_performance_type	9
/education/field_of_study/academics_in_this_field	9
/education/academic/research_areas	9
/cvg/game_character/games./cvg/game_performance/game	9
/cvg/cvg_publisher/games_published	9
/cvg/computer_videogame/subjects	9
/cvg/computer_videogame/publisher	9
/cvg/computer_videogame/characters./cvg/game_performance/character	9
/cvg/computer_game_subject/games	9
/computer/software/license	9
/comic_books/comic_book_creator/characters_created	9
/comic_books/comic_book_character/created_by	9
/business/consumer_company/brands./business/company_brand_relationship/brand	9
/business/brand/owner_s./business/company_brand_relationship/company	9
/biology/breed_origin/breeds_originating_here	9
/biology/animal_breed/place_of_origin	9
/travel/transport_terminus/travel_destinations_served./travel/transportation/mode_of_transportation	8
/travel/transport_operator/travel_destinations_served./travel/transportation/transport_operator	8
/sports/sports_league_season/awards./sports/sports_award/award_winner	8
/sports/sports_league/sport	8
/sports/sports_award_winner/awards./sports/sports_award/season	8
/sports/sport/leagues	8
/religion/religion/deities	8
/religion/deity/deity_of	8
/protected_sites/site_listing_category/listed_sites./protected_sites/natural_or_cultural_site_listing/listed_site	8
/protected_sites/listed_site/designation_as_natural_or_cultural_site./protected_sites/natural_or_cultural_site_listing/category_or_criteria	8
/projects/project_role/projects./projects/project_participation/participant	8
/projects/project_participant/projects./projects/project_participation/role	8
/media_common/dedicatee/dedications./media_common/dedication/work_dedicated	8
/media_common/dedicated_work/dedication./media_common/dedication/dedicated_to	8
/government/governmental_body/members./government/government_position_held/office_position_or_title	8
/government/government_office_or_title/office_holders./government/government_position_held/governmental_body	8
/film/film_series/films_in_series	8
/film/film/film_series	8
/fictional_universe/fictional_universe/characters	8
/fictional_universe/fictional_character/appears_in_these_fictional_universes	8
/computer/operating_system_developer/operating_systems_developed	8
/computer/operating_system/developer	8
/common/topic/webpage./common/webpage/topic	8
/base/petbreeds/dog_breed/size./base/petbreeds/dog_size/gender	8
/base/famouspets/pet_owner/pets_owned./base/famouspets/pet_ownership/owner	8
/award/hall_of_fame_discipline/halls_of_fame	8
/award/hall_of_fame/discipline	8
/architecture/type_of_museum/museums	8
/architecture/museum/type_of_museum	8
/architecture/architectural_style/architects	8
/architecture/architect/architectural_style	8
/tv/tv_character/appeared_in_tv_program./tv/regular_tv_appearance/special_performance_type	7
/tv/special_tv_performance_type/starring_performances./tv/regular_tv_appearance/character	7
/soccer/football_player/goals_scored./soccer/football_goal/point_awarded_to	7
/religion/religious_text/religious_text_of	7
/religion/religious_organization/associated_with	7
/religion/religion/texts	7
/religion/religion/organizations	7
/periodicals/newspaper_circulation_area/newspapers	7
/organization/organization/product_of_merger./organization/organization_merger/organizations_merging	7
/organization/organization/involved_in_merger./organization/organization_merger/became_organization	7
/medicine/drug_ingredient/more_specific_ingredient	7
/medicine/drug_ingredient/more_general_ingredient	7
/location/it_province/capital	7
/geography/island_group/islands_in_group	7
/geography/island/island_group	7
/film/film_character/portrayed_in_films_dubbed./film/dubbing_performance/language	7
/film/film_character/portrayed_in_films_dubbed./film/dubbing_performance/film	7
/film/film/dubbing_performances./film/dubbing_performance/character	7
/education/school_mascot/school	7
/education/educational_institution/mascot	7
/computer/software/languages_used	7
/business/asset_owner/assets_owned./business/asset_ownership/owned_asset	7
/business/asset/owners./business/asset_ownership/owner	7
/book/written_work/subjects	7
/book/newspaper/circulation_areas	7
/book/book_subject/works	7
/baseball/baseball_player/lifetime_batting_statistics./baseball/lifetime_batting_statistics/last_statistics_season	7
/base/yalebase/secret_society_member/belonged_to./base/yalebase/secret_society_membership/society	7
/base/yalebase/secret_society/notable_members./base/yalebase/secret_society_membership/member	7
/architecture/structure/address./location/mailing_address/citytown	7
/architecture/museum/address./location/mailing_address/state_province_region	7
/user/robert/us_congress/us_representative/state	6
/tv/tv_series_season/series	6
/tv/tv_series_season/regular_cast./tv/regular_tv_appearance/series	6
/tv/tv_program/seasons	6
/tv/tv_program/regular_cast./tv/regular_tv_appearance/seasons	6
/travel/travel_destination/how_to_get_here./travel/transportation/transport_terminus	6
/travel/transport_terminus/travel_destinations_served./travel/transportation/travel_destination	6
/sports/sports_championship_event/runner_up	6
/soccer/football_team_manager/team./soccer/football_team_management_tenure/team	6
/soccer/football_team/manager./soccer/football_team_management_tenure/manager	6
/organization/organization/spun_off_from./organization/organization_spin_off/parent_company	6
/organization/organization/spin_offs./organization/organization_spin_off/child_company	6
/media_common/literary_genre/books_in_this_genre	6
/internet/website_category/sites	6
/internet/website/category	6
/film/personal_film_appearance_type/film_appearances./film/personal_film_appearance/film	6
/film/film/personal_appearances./film/personal_film_appearance/type_of_appearance	6
/fictional_universe/fictional_character/species	6
/fictional_universe/character_species/characters_of_this_species	6
/education/school/highest_grade_taught	6
/computer/computer_manufacturer_brand/computer_models	6
/computer/computer/manufacturer	6
/book/book/genre	6
/biology/domesticated_animal/breeds	6
/biology/animal_breed/breed_of	6
/base/schemastaging/tv_character_extra/regular_dubbing_performances./base/schemastaging/tv_star_dubbing_performance/language	6
/base/fight/crime_type/includes_crimes	6
/base/fight/crime_type/included_in_crimes	6
/base/contractbridge/bridge_tournament/standing./base/contractbridge/bridge_tournament_standings/second_place	6
/base/contractbridge/bridge_tournament/standing./base/contractbridge/bridge_tournament_standings/first_place	6
/base/contractbridge/bridge_player/second_place_finish./base/contractbridge/bridge_tournament_standings/tournament	6
/base/contractbridge/bridge_player/first_place_finish./base/contractbridge/bridge_tournament_standings/tournament	6
/aviation/airline_alliance/member_airlines	6
/aviation/airline/alliance	6
/aviation/aircraft_owner/aircraft_fleet_composition./aviation/aircraft_ownership_count/aircraft_model	6
/aviation/aircraft_model/number_owned_by./aviation/aircraft_ownership_count/aircraft_owner	6
/american_football/football_player/games./american_football/player_game_statistics/season	6
/theater/theater_character/portrayed_by./theater/theater_role/actor	5
/theater/theater_actor/theater_roles./theater/theater_role/role	5
/sports/sports_team/roster./ice_hockey/hockey_previous_roster_position/player	5
/sports/pro_athlete/teams./ice_hockey/hockey_previous_roster_position/team	5
/royalty/noble_title/holders./royalty/noble_title_tenure/noble_person	5
/royalty/noble_person/titles./royalty/noble_title_tenure/noble_title	5
/music/artist/album	5
/music/album/artist	5
/law/inventor/inventions	5
/law/invention/inventor	5
/ice_hockey/hockey_team/historical_roster./sports/sports_team_roster/player	5
/ice_hockey/hockey_team/historical_roster./ice_hockey/hockey_previous_roster_position/player	5
/ice_hockey/hockey_player/former_team_s./sports/sports_team_roster/team	5
/ice_hockey/hockey_player/former_team_s./ice_hockey/hockey_previous_roster_position/team	5
/geography/lake/basin_countries	5
/food/ingredient/cuisine	5
/film/film_festival/location	5
/education/school/lowest_grade_taught	5
/dining/restaurant/cuisine	5
/dining/cuisine/restaurant	5
/dining/cuisine/ingredients	5
/cvg/cvg_developer/games_developed	5
/cvg/computer_videogame/developer	5
/computer/software_developer/software	5
/computer/software/developer	5
/computer/software/compatible_oses./computer/software_compatibility/operating_system	5
/comic_books/comic_book_fictional_universe/characters_primarily_appearing_in_this_universe	5
/comic_books/comic_book_character/primary_universe	5
/broadcast/tv_station_owner/tv_stations	5
/broadcast/tv_station/owner	5
/book/written_work/author	5
/book/author/works_written	5
/biology/organism_classification/lower_classifications	5
/biology/organism_classification/higher_classification	5
/biology/breed_registry/recognized_breeds./biology/breed_registration/breed	5
/biology/animal_breed/registered_with./biology/breed_registration/registry	5
/base/schemastaging/tv_program_extra/regular_dubbing_performances./base/schemastaging/tv_star_dubbing_performance/character	5
/base/schemastaging/tv_character_extra/regular_dubbing_performances./base/schemastaging/tv_star_dubbing_performance/program	5
/base/onephylogeny/type_of_thing/things_of_this_type	5
/base/events/type_of_festival/recurring_festivals_of_this_type	5
/base/events/festival_series/type_of_festival	5
/astronomy/orbital_relationship/orbits	5
/astronomy/orbital_relationship/orbited_by	5
/astronomy/celestial_object_category/objects	5
/astronomy/celestial_object/category	5
/american_football/football_player/rushing./american_football/player_rushing_statistics/team	5
/american_football/football_player/rushing./american_football/player_rushing_statistics/season	5
/american_football/football_player/passing./american_football/player_passing_statistics/season	5
/american_football/football_player/games./american_football/player_game_statistics/team	5
/user/radiusrs/default_domain/astrology/related_topics	4
/user/lindenb/default_domain/scientist/known_for	4
/user/alexander/misc/murdered_person/place_murdered	4
/travel/transport_operator/travel_destinations_served./travel/transportation/mode_of_transportation	4
/tennis/tennis_tournament_champion/tennis_titles./tennis/tennis_tournament_championship/winner	4
/sports/tournament_event_competitor/events_competed_in./sports/competitor_competition_relationship/country	4
/sports/sports_league_draft/picks./sports/sports_league_draft_pick/player	4
/sports/sport_country/athletic_performances./sports/competitor_competition_relationship/competitors	4
/sports/drafted_athlete/drafted./sports/sports_league_draft_pick/draft	4
/medicine/icd_9_cm_classification/parent_classification	4
/medicine/icd_9_cm_classification/includes_classifications	4
/location/location/street_address./location/mailing_address/state_province_region	4
/interests/collection_category/sub_categories	4
/interests/collection_category/parent_category	4
/geography/river/mouth	4
/food/dish/cuisine	4
/film/film_character/portrayed_in_films_dubbed./film/dubbing_performance/actor	4
/film/actor/dubbing_performances./film/dubbing_performance/character	4
/fictional_universe/fictional_job_title/fictional_characters_with_this_job./fictional_universe/fictional_employment_tenure/employee	4
/fictional_universe/fictional_character/romantically_involved_with./fictional_universe/romantic_involvement/partner	4
/fictional_universe/fictional_character/married_to./fictional_universe/marriage_of_fictional_characters/spouses	4
/fictional_universe/fictional_character/employers./fictional_universe/fictional_employment_tenure/title	4
/exhibitions/exhibition_sponsor/exhibitions_sponsored./exhibitions/exhibition_run/sponsor	4
/education/fraternity_sorority/colors	4
/dining/cuisine/dishes	4
/common/topic/webpage./common/webpage/resource	4
/common/resource/annotations./common/webpage/topic	4
/broadcast/producer/produces	4
/broadcast/content/producer	4
/baseball/baseball_player/lifetime_batting_statistics./baseball/lifetime_batting_statistics/ending_season	4
/base/schemastaging/tv_character_extra/regular_dubbing_performances./base/schemastaging/tv_star_dubbing_performance/actor	4
/base/schemastaging/tv_actor_extra/regular_dubbing_performances./base/schemastaging/tv_star_dubbing_performance/character	4
/base/schemastaging/organization_extra/phone_number./base/schemastaging/phone_sandbox/product_or_service	4
/base/activism/organization/area_of_activism	4
/base/activism/activism_issue/activist_organizations	4
/award/award_presenting_organization/awards_presented	4
/award/award/presented_by	4
/astronomy/star_system_body/star_system	4
/astronomy/star_system/planetary_system	4
/american_football/football_player/passing./american_football/player_passing_statistics/team	4
/visual_art/artwork/art_subject	3
/visual_art/art_subject/artwork_on_the_subject	3
/user/tfmorris/default_domain/signatory/documents_signed	3
/user/tfmorris/default_domain/document/signatories	3
/user/szaijan/fantasy_football/position/player	3
/user/szaijan/fantasy_football/player/position	3
/user/robert/us_congress/congressional_district/state	3
/tv/tv_writer/episodes_written	3
/tv/tv_series_episode/writer	3
/tv/tv_series_episode/producers./tv/tv_producer_episode_credit/producer	3
/tv/tv_producer/tv_episodes_produced./tv/tv_producer_episode_credit/episode	3
/transportation/road/end2./transportation/road_starting_point/location	3
/organization/role/governors./organization/organization_board_membership/member	3
/media_common/dedicator/dedications./media_common/dedication/work_dedicated	3
/media_common/dedicated_work/dedication./media_common/dedication/dedicated_by	3
/location/statistical_region/population./measurement_unit/dated_integer/source	3
/location/location/street_address./location/mailing_address/citytown	3
/language/language_dialect/language	3
/language/human_language/dialects	3
/internet/website_owner/websites_owned_new./internet/website_ownership/website	3
/internet/website/owner_new./internet/website_ownership/owner	3
/government/governmental_body/offices_positions	3
/government/governmental_body/component_bodies	3
/government/governmental_body/body_this_is_a_component_of	3
/government/government_office_or_title/governmental_body_if_any	3
/fictional_universe/fictional_character/ethnicity	3
/fictional_universe/ethnicity_in_fiction/characters_of_this_ethnicity	3
/education/academic/advisors	3
/education/academic/advisees	3
/cvg/computer_videogame/sequel	3
/cvg/computer_videogame/prequel	3
/common/topic/subjects	3
/common/topic/subject_of	3
/comic_books/comic_book_series/publisher	3
/comic_books/comic_book_publisher/comic_book_series_published	3
/business/consumer_product/company./business/company_product_relationship/company	3
/business/consumer_company/products./business/company_product_relationship/consumer_product	3
/business/board_member/organization_board_memberships./organization/organization_board_membership/role	3
/broadcast/content/broadcast	3
/broadcast/broadcast/content	3
/book/magazine_genre/magazines_in_this_genre	3
/book/magazine/genre	3
/baseball/baseball_player/lifetime_batting_statistics./baseball/lifetime_batting_statistics/starting_season	3
/architecture/structure/address./location/mailing_address/state_province_region	3
/architecture/building_function/buildings	3
/architecture/building/building_function	3
/user/robert/us_congress/us_representative/committee_memberships	2
/user/robert/us_congress/house_committee/current_members	2
/user/robert/military/military_person/participated_in_conflicts	2
/travel/travel_destination/local_transportation	2
/travel/transport_terminus/travel_destinations_served./travel/transportation/transport_terminus	2
/transportation/bridge_type/bridges_of_this_type	2
/transportation/bridge/locale	2
/transportation/bridge/bridge_type	2
/theater/theater_genre/plays_in_this_genre	2
/theater/play/genre	2
/sports/sports_team/roster./ice_hockey/hockey_roster_position/player	2
/sports/sports_team/roster./baseball/baseball_roster_position/player	2
/sports/sports_position/players./baseball/baseball_roster_position/player	2
/sports/sports_official/sport	2
/sports/sports_equipment/sport_used_for	2
/sports/sport/related_equipment	2
/sports/sport/officials	2
/sports/pro_athlete/teams./ice_hockey/hockey_roster_position/team	2
/sports/pro_athlete/teams./baseball/baseball_roster_position/team	2
/sports/pro_athlete/teams./baseball/baseball_roster_position/position	2
/religion/religion/places_of_worship	2
/religion/place_of_worship/religion	2
/people/appointer/appointment_made./people/appointment/appointee	2
/people/appointee/position./people/appointment/appointed_role	2
/people/appointee/position./people/appointment/appointed_by	2
/people/appointed_role/appointment./people/appointment/appointee	2
/military/military_post/used_by_armed_forces./military/military_post_use/armed_force	2
/military/armed_force/military_posts./military/military_post_use/military_post	2
/medicine/disease/prevention_factors	2
/medicine/condition_prevention_factors/conditions_this_may_prevent	2
/martial_arts/martial_artist/martial_art	2
/martial_arts/martial_art/well_known_practitioner	2
/ice_hockey/hockey_team/current_roster./sports/sports_team_roster/player	2
/ice_hockey/hockey_team/current_roster./ice_hockey/hockey_roster_position/player	2
/ice_hockey/hockey_player/current_team./sports/sports_team_roster/team	2
/ice_hockey/hockey_player/current_team./ice_hockey/hockey_roster_position/team	2
/fictional_universe/person_in_fiction/representations_in_fiction	2
/fictional_universe/fictional_character/siblings./fictional_universe/sibling_relationship_of_fictional_characters/siblings	2
/fictional_universe/fictional_character/based_on	2
/exhibitions/exhibition_venue/exhibitions_at_this_venue./exhibitions/exhibition_run/sponsor	2
/exhibitions/exhibition_sponsor/exhibitions_sponsored./exhibitions/exhibition_run/venue	2
/education/fraternity_sorority/founded_location	2
/education/academic_institution/visiting_scholars_fellows_etc./education/academic_post/person	2
/education/academic/appointments_fellowships_etc./education/academic_post/institution	2
/cvg/game_voice_actor/computer_game_voice_performances./cvg/game_performance/game	2
/cvg/cvg_designer/games_designed	2
/cvg/computer_videogame/designers	2
/cvg/computer_videogame/characters./cvg/game_performance/voice_actor	2
/comic_books/comic_book_series/featured_characters	2
/comic_books/comic_book_character/regular_featured_appearances	2
/broadcast/radio_station_owner/radio_stations	2
/broadcast/radio_station/owner	2
/broadcast/distributor/distributes	2
/broadcast/content/location	2
/broadcast/content/language	2
/broadcast/broadcast/distributor	2
/book/written_work/original_language	2
/book/periodical_subject/periodicals	2
/book/periodical/subjects	2
/book/newspaper/headquarters./location/mailing_address/citytown	2
/biology/organism_classification/organisms_of_this_type	2
/biology/organism/sex	2
/biology/organism/organism_type	2
/biology/breed_group/breeds_in_this_group./biology/breed_registration/breed	2
/biology/animal_breed/registered_with./biology/breed_registration/breed_group	2
/baseball/baseball_team/current_roster./sports/sports_team_roster/player	2
/baseball/baseball_team/current_roster./baseball/baseball_roster_position/player	2
/baseball/baseball_player/current_team./sports/sports_team_roster/team	2
/baseball/baseball_player/current_team./sports/sports_team_roster/position	2
/baseball/baseball_player/current_team./baseball/baseball_roster_position/team	2
/baseball/baseball_player/current_team./baseball/baseball_roster_position/position	2
/base/wrestling/solo_wrestler_or_team/members	2
/base/wrestling/professional_wrestler/member_of_team	2
/base/thoroughbredracing/thoroughbred_racehorse_sex/horses_of_this_sex	2
/base/thoroughbredracing/thoroughbred_racehorse_color/horses_of_this_color	2
/base/thoroughbredracing/thoroughbred_racehorse/sex	2
/base/thoroughbredracing/thoroughbred_racehorse/color	2
/base/petbreeds/dog_breed_group/dog_breeds	2
/base/petbreeds/dog_breed/group	2
/base/patronage/patron/related_client./base/patronage/patron_client_relationship/client	2
/base/patronage/client/related_patron./base/patronage/patron_client_relationship/patron	2
/base/onephylogeny/type_of_thing/includes	2
/base/onephylogeny/type_of_thing/included_in	2
/base/fight/sports_official/sport	2
/base/fight/sentence/convictions./base/crime/criminal_conviction/convicted_person	2
/base/fashionmodels/hair_color/fashion_models_with_this_hair_color	2
/base/fashionmodels/fashion_model/hair_color	2
/base/endorsements/endorsing_newspaper/endorsements./base/endorsements/newspaper_endorsement/endorsee	2
/base/endorsements/endorsee/newspaper_endorsements./base/endorsements/newspaper_endorsement/newspaper	2
/base/crime/convicted_criminal/convictions./base/crime/criminal_conviction/sentence_type	2
/base/argumentmaps/original_idea/innovator	2
/base/argumentmaps/innovator/original_ideas	2
/award/recurring_competition/individual_competitions	2
/award/hall_of_fame_induction_category/inductees./award/hall_of_fame_induction/inductee	2
/award/hall_of_fame_inductee/hall_of_fame_inductions./award/hall_of_fame_induction/category	2
/award/competition/instance_of_recurring_competition	2
/aviation/aircraft_type/aircraft_of_this_type	2
/aviation/aircraft_model/aircraft_type	2
/architecture/structure/construction_cost./measurement_unit/money_value/currency	2
/american_football/football_player/receiving./american_football/player_receiving_statistics/team	2
/american_football/football_player/receiving./american_football/player_receiving_statistics/season	2
/visual_art/visual_art_genre/artworks	1
/visual_art/visual_art_form/artworks	1
/visual_art/artwork/art_genre	1
/visual_art/artwork/art_form	1
/user/tsegaran/computer/algorithm_family/algorithm	1
/user/tsegaran/computer/algorithm/family	1
/tv/tv_series_episode/guest_personal_appearances./tv/tv_guest_personal_appearance/person	1
/tv/tv_program_guest/appeared_on./tv/tv_guest_personal_appearance/episode	1
/transportation/road/end1./transportation/road_starting_point/location	1
/theater/theatrical_lyricist/play_lyrics_written	1
/theater/play/lyricist	1
/theater/play/country_of_origin	1
/sports/sports_team/roster./american_football/football_roster_position/player	1
/sports/sports_team/arena_stadium	1
/sports/sports_position/players./ice_hockey/hockey_roster_position/player	1
/sports/sports_facility/teams	1
/sports/pro_athlete/teams./ice_hockey/hockey_roster_position/position	1
/sports/pro_athlete/teams./american_football/football_roster_position/team	1
/sports/pro_athlete/teams./american_football/football_roster_position/position	1
/sports/multi_event_tournament/sports	1
/spaceflight/space_agency/astronauts	1
/royalty/system_of_nobility/titles./royalty/system_title_relationship/title	1
/royalty/noble_title/used_in./royalty/system_title_relationship/system	1
/royalty/noble_title/noble_rank	1
/religion/religious_organization/leaders./religion/religious_organization_leadership/leader	1
/religion/religious_leader/religious_leadership./religion/religious_organization_leadership/organization	1
/protected_sites/protected_site/iucn_category	1
/protected_sites/iucn_category/protected_areas	1
/protected_sites/governing_body_of_protected_sites/protected_sites_governed	1
/music/conductor/groups./music/conducting_tenure/ensemble	1
/music/conducted_ensemble/conductors./music/conducting_tenure/conductor	1
/music/concert_tour/artist	1
/music/album_release_type/albums	1
/metropolitan_transit/transit_system/area_served	1
/metropolitan_transit/transit_service_type/transit_lines	1
/metropolitan_transit/transit_line/service_type	1
/medicine/symptom/side_effect_of	1
/medicine/medical_treatment/side_effects	1
/medicine/drug_class/drugs	1
/medicine/drug/drug_class	1
/law/judge/courts./law/judicial_tenure/court	1
/law/court/judges./law/judicial_tenure/judge	1
/ice_hockey/hockey_position/players	1
/ice_hockey/hockey_player/hockey_position	1
/ice_hockey/hockey_player/current_team./sports/sports_team_roster/position	1
/ice_hockey/hockey_player/current_team./ice_hockey/hockey_roster_position/position	1
/government/election/office	1
/geography/lake_type/lakes_of_this_type	1
/geography/lake/lake_type	1
/games/game_genre/boardgames	1
/food/ingredient/dishes	1
/food/dish/ingredients	1
/film/film_featured_song/performed_by	1
/fictional_universe/fictional_setting/fictional_characters_born_here	1
/fictional_universe/fictional_character/rank	1
/fictional_universe/fictional_character/place_of_birth	1
/fictional_universe/fictional_character/parents	1
/fictional_universe/fictional_character/children	1
/fictional_universe/character_rank/characters_of_this_rank	1
/education/school_district/schools	1
/education/school_district/locations_served	1
/education/school/school_district	1
/cvg/game_voice_actor/computer_game_voice_performances./cvg/game_performance/character	1
/cvg/game_series/games_in_series	1
/cvg/game_character/games./cvg/game_performance/voice_actor	1
/cvg/computer_videogame/game_series	1
/computer/programming_language_designer/languages_designed	1
/computer/programming_language/parent_language	1
/computer/programming_language/language_designers	1
/computer/programming_language/dialects	1
/computer/computer/compatible_oses./computer/os_compatibility/operating_system	1
/common/webpage/topic	1
/common/resource/annotations./common/webpage/category	1
/comic_books/comic_book_series/created_by	1
/comic_books/comic_book_creator/series_created	1
/book/periodical_publisher/periodicals_published./book/periodical_publisher_period/periodical	1
/book/periodical_format/periodicals_in_this_format./book/periodical_format_period/periodical	1
/book/periodical/publisher./book/periodical_publisher_period/publisher	1
/book/newspaper_owner/newspapers_owned	1
/book/newspaper/owner	1
/book/newspaper/headquarters./location/mailing_address/state_province_region	1
/book/literary_series/author_s	1
/book/author/series_written_or_contributed_to	1
/base/usnationalparks/us_national_park/state	1
/base/thoroughbredracing/thoroughbred_racehorse_origin/horses_from_this_location	1
/base/thoroughbredracing/thoroughbred_racehorse/country	1
/base/schemastaging/fish/found_in	1
/base/rugby/rugby_player/type_of_rugby	1
/base/petbreeds/dog_coat_color/dog_breeds	1
/base/petbreeds/dog_breed/color	1
/base/infrastructure/power_station/fuel_type	1
/base/infrastructure/power_plant_type/power_station	1
/base/folklore/mythology/mythical_creatures	1
/base/folklore/mythical_creature/mythology	1
/base/endorsements/endorsing_newspaper/endorsements./base/endorsements/newspaper_endorsement/election	1
/base/ecology/food_web_member/belongs_to_ecosystem_s	1
/base/ecology/ecosystem/ecosystem_members	1
/base/disaster2/tactic/attacks_of_this_form./base/disaster2/attack_process/attack_event	1
/base/collectives/collective_member/member_of./base/collectives/collective_membership/collective	1
/base/collectives/collective/members./base/collectives/collective_membership/member	1
/aviation/airliner_accident/flight_destination	1
/aviation/aircraft_manufacturer/aircraft_models_made	1
/architecture/structure/owner./architecture/ownership/owner	1
/architecture/structure/architect	1
/architecture/architectural_structure_owner/structures_owned./architecture/ownership/structure	1
/architecture/architect/structures_designed	1
/american_football/football_team/historical_coaching_staff./american_football/football_historical_coach_position/coach	1
/american_football/football_team/current_roster./sports/sports_team_roster/player	1
/american_football/football_team/current_roster./american_football/football_roster_position/player	1
/american_football/football_player/current_team./sports/sports_team_roster/team	1
/american_football/football_player/current_team./american_football/football_roster_position/team	1
/american_football/football_player/current_team./american_football/football_roster_position/position	1
/american_football/football_coach_position/coaches_holding_this_position./american_football/football_historical_coach_position/coach	1
/american_football/football_coach/coaching_history./american_football/football_historical_coach_position/team	1
/american_football/football_coach/coaching_history./american_football/football_historical_coach_position/position	1
