/award/award_nominee/award_nominations./award/award_nomination/award_nominee	15998
/film/film/release_date_s./film/film_regional_release_date/film_release_region	12893
/award/award_nominee/award_nominations./award/award_nomination/award	12175
/award/award_category/nominees./award/award_nomination/award_nominee	12166
/people/person/profession	11636
/people/profession/people_with_this_profession	11547
/film/actor/film./film/performance/film	9494
/film/film/starring./film/performance/actor	9466
/award/award_category/nominees./award/award_nomination/nominated_for	9465
/award/award_nominated_work/award_nominations./award/award_nomination/award	9439
/award/award_winner/awards_won./award/award_honor/award_winner	8431
/film/film_genre/films_in_this_genre	7331
/film/film/genre	7268
/award/award_nominee/award_nominations./award/award_nomination/nominated_for	6278
/award/award_nominated_work/award_nominations./award/award_nomination/award_nominee	6196
/film/film/other_crew./film/film_crew_gig/film_crew_role	6094
/film/film_job/films_with_this_crew_job./film/film_crew_gig/film	6041
/music/genre/artists	5952
/common/topic/webpage./common/webpage/category	5945
/common/annotation_category/annotations./common/webpage/topic	5927
/music/artist/genre	5858
/award/award_winner/awards_won./award/award_honor/award	5694
/award/award_category/winners./award/award_honor/award_winner	5680
/location/location/contains	5204
/location/location/containedby	5186
/people/person/nationality	4198
/music/performance_role/track_performances./music/track_contribution/role	3795
/people/person/places_lived./people/place_lived/location	3740
/people/person/gender	3721
/sports/sports_position/players./sports/sports_team_roster/team	3500
/sports/sports_team/roster./sports/sports_team_roster/position	3472
/award/award_category/winners./award/award_honor/honored_for	3311
/award/award_winning_work/awards_won./award/award_honor/award	3310
/award/award_winner/awards_won./award/award_honor/honored_for	3009
/award/award_winning_work/awards_won./award/award_honor/award_winner	2997
/people/person/spouse_s./people/marriage/type_of_union	2909
/people/marriage_union_type/unions_of_this_type./people/marriage/spouse	2882
/award/award_category/winners./award/award_honor/ceremony	2835
/award/award_ceremony/awards_presented./award/award_honor/award	2785
/award/award_winner/awards_won./award/award_honor/ceremony	2732
/award/award_ceremony/awards_presented./award/award_honor/award_winner	2728
/media_common/netflix_genre/titles	2671
/music/performance_role/regular_performances./music/group_membership/role	2655
/media_common/netflix_title/netflix_genres	2649
/education/educational_institution/students_graduates./education/education/student	2640
/education/educational_institution/students_graduates./education/education/major_field_of_study	2622
/education/field_of_study/students_majoring./education/education/institution	2592
/people/person/education./education/education/institution	2591
/film/film/language	2570
/location/location/people_born_here	2485
/people/person/place_of_birth	2468
/film/film/country	2407
/film/film_distributor/films_distributed./film/film_film_distributor_relationship/film	2337
/film/film/distributors./film/film_film_distributor_relationship/distributor	2331
/sports/sports_team/roster./soccer/football_roster_position/position	2320
/sports/sports_position/players./soccer/football_roster_position/team	2269
/soccer/football_team/current_roster./soccer/football_roster_position/position	2265
/soccer/football_team/current_roster./sports/sports_team_roster/position	2262
/music/artist/label	2257
/education/educational_degree/people_with_this_degree./education/education/institution	2257
/education/educational_institution/students_graduates./education/education/degree	2245
/music/record_label/artist	2226
/olympics/olympic_participating_country/athletes./olympics/olympic_athlete_affiliation/sport	2154
/olympics/olympic_sport/athletes./olympics/olympic_athlete_affiliation/country	2130
/people/ethnicity/people	2073
/location/location/adjoin_s./location/adjoining_relationship/adjoins	2055
/people/person/ethnicity	2030
/music/instrument/instrumentalists	1938
/music/group_member/instruments_played	1929
/influence/influence_node/influenced_by	1908
/influence/influence_node/influenced	1900
/music/performance_role/track_performances./music/track_contribution/contributor	1797
/music/artist/track_contributions./music/track_contribution/role	1772
/film/film/production_companies	1568
/film/production_company/films	1537
/base/popstra/celebrity/friendship./base/popstra/friendship/participant	1511
/film/film/release_date_s./film/film_regional_release_date/film_release_distribution_medium	1429
/base/popstra/celebrity/dated./base/popstra/dated/participant	1404
/music/performance_role/regular_performances./music/group_membership/group	1327
/music/musical_group/member./music/group_membership/role	1286
/film/film/produced_by	1285
/tv/tv_program/regular_cast./tv/regular_tv_appearance/actor	1278
/film/producer/film	1276
/tv/tv_actor/starring_roles./tv/regular_tv_appearance/series	1260
/film/film/estimated_budget./measurement_unit/dated_money_value/currency	1210
/time/time_zone/locations_in_this_time_zone	1156
/olympics/olympic_participating_country/medals_won./olympics/olympic_medal_honor/olympics	1153
/location/location/time_zones	1151
/olympics/olympic_games/medals_awarded./olympics/olympic_medal_honor/country	1138
/government/political_district/representatives./government/government_position_held/legislative_sessions	1092
/people/person/religion	1086
/government/legislative_session/members./government/government_position_held/district_represented	1070
/film/music_contributor/film	1061
/film/film/music	1039
/tv/tv_program/genre	1010
/tv/tv_genre/programs	1004
/film/film_location/featured_in_films	982
/film/film/featured_film_locations	978
/food/food/nutrients./food/nutrition_fact/nutrient	966
/award/award_winning_work/awards_won./award/award_honor/ceremony	928
/award/award_ceremony/awards_presented./award/award_honor/honored_for	909
/film/director/film	859
/education/educational_institution/colors	856
/organization/organization/headquarters./location/mailing_address/citytown	852
/film/film/directed_by	850
/organization/membership_organization/members./organization/organization_membership/member	816
/government/legislative_session/members./government/government_position_held/legislative_sessions	814
/film/writer/film	807
/organization/organization_member/member_of./organization/organization_membership/organization	798
/location/hud_foreclosure_area/estimated_number_of_mortgages./measurement_unit/dated_integer/source	789
/location/hud_foreclosure_area/estimated_number_foreclosures./measurement_unit/dated_integer/source	788
/film/film/written_by	787
/location/hud_foreclosure_area/hhuniv./measurement_unit/dated_integer/source	785
/people/person/languages	783
/location/hud_foreclosure_area/total_90_day_vacant_residential_addresses./measurement_unit/dated_integer/source	782
/location/hud_foreclosure_area/total_residential_addresses./measurement_unit/dated_integer/source	775
/olympics/olympic_participating_country/athletes./olympics/olympic_athlete_affiliation/olympics	760
/government/governmental_jurisdiction/governing_officials./government/government_position_held/basic_title	760
/government/government_office_category/officeholders./government/government_position_held/jurisdiction_of_office	760
/people/cause_of_death/people	756
/organization/role/leaders./organization/leadership/organization	756
/olympics/olympic_games/athletes./olympics/olympic_athlete_affiliation/country	750
/music/group_member/membership./music/group_membership/role	750
/music/performance_role/regular_performances./music/group_membership/member	749
/people/deceased_person/cause_of_death	748
/military/military_combatant/military_conflicts./military/military_combatant_group/combatants	747
/organization/organization/leadership./organization/leadership/role	738
/business/job_title/people_with_this_title./business/employment_tenure/company	734
/education/educational_institution/school_type	728
/organization/organization/headquarters./location/mailing_address/state_province_region	721
/education/school_category/schools_of_this_kind	721
/award/award_nominated_work/award_nominations./award/award_nomination/nominated_for	717
/business/employer/employees./business/employment_tenure/title	715
/music/genre/subgenre	707
/people/deceased_person/place_of_death	697
/film/producer/films_executive_produced	697
/music/genre/parent_genre	692
/sports/sports_team/colors	689
/sports/professional_sports_team/draft_picks./sports/sports_league_draft_pick/school	688
/sports/pro_athlete/teams./sports/sports_team_roster/team	676
/olympics/olympic_games/sports	664
/film/film/executive_produced_by	662
/olympics/olympic_sport/olympic_games_contested	652
/sports/sports_team/roster./sports/sports_team_roster/player	643
/american_football/football_team/historical_roster./american_football/football_historical_roster_position/position_s	641
/american_football/football_team/historical_roster./sports/sports_team_roster/position	627
/sports/sports_position/players./american_football/football_historical_roster_position/team	623
/sports/sports_team/roster./american_football/football_historical_roster_position/position_s	622
/base/biblioness/bibs_location/country	610
/american_football/football_team/current_roster./american_football/football_roster_position/position	609
/sports/sports_team/roster./american_football/football_roster_position/position	607
/film/film_subject/films	603
/film/film/subjects	601
/location/statistical_region/religions./location/religion_percentage/religion	596
/user/jg/default_domain/olympic_games/sports	581
/base/aareas/schema/administrative_area/administrative_parent	579
/base/aareas/schema/administrative_area/administrative_children	574
/american_football/football_team/current_roster./sports/sports_team_roster/position	573
/sports/sports_position/players./american_football/football_roster_position/team	562
/music/artist/origin	552
/soccer/football_team/current_roster./sports/sports_team_roster/player	547
/sports/pro_athlete/teams./soccer/football_roster_position/team	538
/soccer/football_team/current_roster./soccer/football_roster_position/player	537
/soccer/football_player/current_team./sports/sports_team_roster/team	536
/travel/travel_destination/climate./travel/travel_destination_monthly_climate/month	535
/education/educational_institution/campuses	533
/sports/sports_team/roster./soccer/football_roster_position/player	532
/soccer/football_player/current_team./soccer/football_roster_position/team	532
/education/educational_institution_campus/educational_institution	526
/music/performance_role/guest_performances./music/recording_contribution/performance_role	497
/education/educational_degree/people_with_this_degree./education/education/major_field_of_study	494
/olympics/olympic_games/participating_countries	490
/education/field_of_study/students_majoring./education/education/degree	490
/olympics/olympic_participating_country/olympics_participated_in	480
/location/administrative_division/second_level_division_of	476
/education/university/domestic_tuition./measurement_unit/dated_money_value/currency	476
/base/schemastaging/person_extra/net_worth./measurement_unit/dated_money_value/currency	475
/award/award_winning_work/awards_won./award/award_honor/honored_for	475
/location/country/second_level_divisions	464
/location/hud_county_place/place	459
/sports/professional_sports_team/draft_picks./sports/sports_league_draft_pick/draft	456
/organization/endowed_organization/endowment./measurement_unit/dated_money_value/currency	456
/base/popstra/celebrity/canoodled./base/popstra/canoodled/participant	449
/sports/sports_league_draft/picks./sports/sports_league_draft_pick/team	445
/sports/sport/teams	429
/people/person/spouse_s./people/marriage/spouse	427
/military/military_conflict/combatants./military/military_combatant_group/combatants	424
/sports/sports_team/sport	423
/military/military_combatant/military_conflicts./military/military_combatant_group/conflict	421
/tv/tv_producer/programs_produced./tv/tv_producer_term/program	420
/people/marriage_union_type/unions_of_this_type./people/marriage/location_of_ceremony	417
/film/film_story_contributor/film_story_credits	414
/user/tsegaran/random/taxonomy_subject/entry./user/tsegaran/random/taxonomy_entry/taxonomy	411
/user/tsegaran/random/subject_taxonomy/entry./user/tsegaran/random/taxonomy_entry/subject	411
/tv/tv_program/tv_producer./tv/tv_producer_term/producer	411
/film/actor/film./film/performance/special_performance_type	409
/film/film_crewmember/films_crewed./film/film_crew_gig/film	404
/location/country/administrative_divisions	396
/film/film/story_by	394
/film/special_film_performance_type/film_performance_type./film/performance/actor	390
/location/statistical_region/rent50_1./measurement_unit/dated_money_value/currency	389
/location/administrative_division/country	386
/film/film/other_crew./film/film_crew_gig/crewmember	384
/olympics/olympic_sport/athletes./olympics/olympic_athlete_affiliation/olympics	381
/location/statistical_region/rent50_3./measurement_unit/dated_money_value/currency	378
/location/statistical_region/rent50_4./measurement_unit/dated_money_value/currency	376
/location/statistical_region/rent50_2./measurement_unit/dated_money_value/currency	373
/location/statistical_region/rent50_0./measurement_unit/dated_money_value/currency	370
/time/event/locations	363
/olympics/olympic_games/athletes./olympics/olympic_athlete_affiliation/sport	361
/location/location/events	360
/education/university/local_tuition./measurement_unit/dated_money_value/currency	360
/base/popstra/celebrity/vacations_in./base/popstra/vacation_choice/location	355
/base/marchmadness/ncaa_basketball_tournament/seeds./base/marchmadness/ncaa_tournament_seed/team	352
/film/film_format/film_format	351
/base/popstra/location/vacationers./base/popstra/vacation_choice/vacationer	349
/sports/sports_team/location	348
/film/film/film_format	345
/base/schemastaging/organization_extra/phone_number./base/schemastaging/phone_sandbox/service_location	345
/base/marchmadness/ncaa_basketball_team/ncaa_tournament_seeds./base/marchmadness/ncaa_tournament_seed/tournament	344
/education/field_of_study/students_majoring./education/education/major_field_of_study	343
/film/film/cinematography	336
/language/human_language/countries_spoken_in	335
/award/ranked_item/appears_in_ranked_lists./award/ranking/list	335
/location/country/languages_spoken	334
/business/business_operation/industry	332
/sports/sports_team_location/teams	331
/award/ranked_list/ranked_list_items./award/ranking/item	330
/film/cinematographer/film	329
/business/industry/companies	328
/people/person/employment_history./business/employment_tenure/company	316
/business/employer/employees./business/employment_tenure/person	312
/location/administrative_division/capital./location/administrative_division_capital_relationship/capital	311
/tv/tv_network/programs./tv/tv_network_duration/program	307
/location/hud_county_place/county	305
/base/biblioness/bibs_location/state	300
/location/country/form_of_government	298
/film/film_distribution_medium/films_distributed_in_this_medium./film/film_film_distributor_relationship/film	298
/location/capital_of_administrative_division/capital_of./location/administrative_division_capital_relationship/administrative_division	297
/tv/tv_program/original_network./tv/tv_network_duration/network	296
/location/us_county/hud_county_place	296
/government/form_of_government/countries	291
/film/film/distributors./film/film_film_distributor_relationship/film_distribution_medium	285
/tv/tv_program/recurring_writers./tv/tv_program_writer_relationship/writer	280
/sports/sports_league_draft/picks./sports/sports_league_draft_pick/school	280
/base/culturalevent/event/entity_involved	278
/tv/tv_writer/tv_programs./tv/tv_program_writer_relationship/tv_program	271
/tv/tv_program/country_of_origin	269
/film/film/film_festivals	264
/people/person/education./education/education/major_field_of_study	260
/education/educational_degree/people_with_this_degree./education/education/student	260
/olympics/olympic_medal/medal_winners./olympics/olympic_medal_honor/country	259
/education/field_of_study/students_majoring./education/education/student	259
/people/person/education./education/education/degree	256
/olympics/olympic_participating_country/medals_won./olympics/olympic_medal_honor/medal	256
/tv/tv_program/languages	254
/people/person/spouse_s./people/marriage/location_of_ceremony	251
/celebrities/celebrity/celebrity_friends./celebrities/friendship/friend	250
/film/film/release_date_s./film/film_regional_release_date/film_regional_debut_venue	246
/base/x2010fifaworldcupsouthafrica/world_cup_squad/current_world_cup_squad./base/x2010fifaworldcupsouthafrica/current_world_cup_squad/current_club	246
/film/film_festival_event/films	243
/celebrities/celebrity/sexual_relationships./celebrities/romantic_relationship/celebrity	236
/film/personal_film_appearance_type/film_appearances./film/personal_film_appearance/person	234
/baseball/baseball_team/team_stats./baseball/baseball_team_stats/season	233
/film/person_or_entity_appearing_in_film/films./film/personal_film_appearance/type_of_appearance	232
/tv/tv_producer/programs_produced./tv/tv_producer_term/producer_type	225
/location/country/official_language	225
/tv/tv_producer_type/tv_producers_of_this_type./tv/tv_producer_term/producer	221
/location/statistical_region/gdp_nominal./measurement_unit/dated_money_value/currency	220
/music/group_member/membership./music/group_membership/group	218
/music/artist/contribution./music/recording_contribution/performance_role	218
/film/film/personal_appearances./film/personal_film_appearance/person	217
/government/politician/government_positions_held./government/government_position_held/legislative_sessions	215
/business/business_operation/revenue./measurement_unit/dated_money_value/currency	215
/government/legislative_session/members./government/government_position_held/office_holder	212
/music/performance_role/guest_performances./music/recording_contribution/contributor	210
/music/musical_group/member./music/group_membership/member	209
/base/schemastaging/organization_extra/phone_number./base/schemastaging/phone_sandbox/service_language	208
/award/award_category/disciplines_or_subjects	207
/award/award_discipline/awards_in_this_discipline	206
/film/film_costumer_designer/costume_design_for_film	199
/business/business_operation/operating_income./measurement_unit/dated_money_value/currency	198
/people/ethnicity/languages_spoken	195
/base/petbreeds/dog_breed/cities_where_this_dog_is_popular./base/petbreeds/dog_city_relationship/cities	194
/film/film/costume_design_by	192
/base/petbreeds/city_with_dogs/top_breeds./base/petbreeds/dog_city_relationship/dog_breed	192
/organization/organization/child./organization/organization_relationship/child	191
/organization/organization/parent./organization/organization_relationship/parent	190
/location/statistical_region/gdp_nominal_per_capita./measurement_unit/dated_money_value/currency	190
/film/person_or_entity_appearing_in_film/films./film/personal_film_appearance/film	190
/film/editor/film	188
/film/film/runtime./film/film_cut/film_release_region	187
/sports/sports_position/players./baseball/baseball_roster_position/team	184
/sports/sports_team/roster./baseball/baseball_roster_position/position	183
/organization/organization/headquarters./location/mailing_address/country	182
/location/us_county/county_seat	181
/film/film/sequel	181
/business/business_operation/assets./measurement_unit/dated_money_value/currency	181
/film/film/prequel	180
/user/ktrueman/default_domain/international_organization/member_states	179
/film/film/edited_by	179
/basketball/basketball_team/roster./basketball/basketball_roster_position/position	179
/sports/sports_team/roster./basketball/basketball_roster_position/position	178
/baseball/baseball_team/current_roster./sports/sports_team_roster/position	177
/basketball/basketball_position/player_roster_position./basketball/basketball_roster_position/team	175
/baseball/baseball_team/current_roster./baseball/baseball_roster_position/position	173
/location/statistical_region/places_exported_to./location/imports_and_exports/exported_to	172
/basketball/basketball_team/roster./sports/sports_team_roster/position	172
/medicine/disease/symptoms	171
/basketball/basketball_position/player_roster_position./sports/sports_team_roster/team	170
/medicine/risk_factor/diseases	169
/location/statistical_region/places_imported_from./location/imports_and_exports/imported_from	169
/sports/sports_position/players./basketball/basketball_roster_position/team	167
/influence/influence_node/peers./influence/peer_relationship/peers	166
/medicine/disease/risk_factors	164
/film/film_production_designer/films_production_designed	163
/sports/sports_league/teams./sports/sports_league_participation/team	161
/sports/sports_team/league./sports/sports_league_participation/league	160
/location/statistical_region/gdp_real./measurement_unit/adjusted_money_value/adjustment_currency	160
/film/film/film_production_design_by	158
/award/hall_of_fame_inductee/hall_of_fame_inductions./award/hall_of_fame_induction/hall_of_fame	158
/film/film/distributors./film/film_film_distributor_relationship/region	157
/medicine/symptom/symptom_of	156
/base/aareas/schema/administrative_area/administrative_area_type	156
/award/hall_of_fame/inductees./award/hall_of_fame_induction/inductee	154
/base/popstra/celebrity/breakup./base/popstra/breakup/participant	153
/location/statistical_region/gni_in_ppp_dollars./measurement_unit/dated_money_value/currency	151
/location/statistical_region/gni_per_capita_in_ppp_dollars./measurement_unit/dated_money_value/currency	149
/award/award_category/category_of	148
/tv/tv_program_creator/programs_created	147
/travel/travel_destination/how_to_get_here./travel/transportation/mode_of_transportation	146
/tv/tv_program/program_creator	144
/people/deceased_person/place_of_burial	144
/award/award/category	144
/location/country/capital	142
/base/schemastaging/organization_extra/phone_number./base/schemastaging/phone_sandbox/contact_category	142
/people/place_of_interment/interred_here	141
/location/country/first_level_divisions	141
/location/administrative_division/first_level_division_of	141
/organization/organization_founder/organizations_founded	137
/base/eating/practicer_of_diet/diet	137
/base/aareas/schema/administrative_area/capital	137
/sports/pro_athlete/sports_played_professionally./sports/pro_sports_played/sport	136
/organization/organization/founders	135
/education/fraternity_sorority/colleges_and_universities	134
/location/location/partially_contains	133
/location/location/partially_containedby	133
/base/eating/diets/people_who_follow_this_diet	133
/base/locations/countries/continent	132
/people/person/sibling_s./people/sibling_relationship/sibling	131
/education/university/fraternities_and_sororities	131
/sports/sport/pro_athletes./sports/pro_sports_played/athlete	128
/sports/sports_position/players./sports/sports_team_roster/position	127
/ice_hockey/hockey_team/current_roster./ice_hockey/hockey_roster_position/position	127
/sports/sports_team/roster./ice_hockey/hockey_roster_position/position	126
/film/film/starring./film/performance/special_performance_type	126
/organization/non_profit_organization/registered_with./organization/non_profit_registration/registering_agency	125
/film/special_film_performance_type/film_performance_type./film/performance/film	125
/base/locations/continents/countries_within	125
/base/americancomedy/impersonated_celebrity/impersonated_by	124
/sports/sports_position/players./ice_hockey/hockey_roster_position/team	123
/medicine/notable_person_with_medical_condition/condition	123
/tv/tv_program/tv_producer./tv/tv_producer_term/producer_type	122
/people/ethnicity/geographic_distribution	122
/medicine/disease/notable_people_with_this_condition	121
/ice_hockey/hockey_team/current_roster./sports/sports_team_roster/position	121
/base/americancomedy/celebrity_impressionist/celebrities_impersonated	121
/film/actor/dubbing_performances./film/dubbing_performance/film	120
/tv/tv_producer_type/tv_producers_of_this_type./tv/tv_producer_term/program	119
/film/film/film_set_decoration_by	118
/education/university/international_tuition./measurement_unit/dated_money_value/currency	117
/government/government_office_category/officeholders./government/government_position_held/office_holder	116
/time/recurring_event/instances	115
/government/politician/government_positions_held./government/government_position_held/basic_title	114
/film/film/dubbing_performances./film/dubbing_performance/actor	114
/tv/tv_program/regular_personal_appearances./tv/tv_regular_personal_appearance/person	113
/film/film_set_designer/film_sets_designed	113
/tv/tv_personality/tv_regular_appearances./tv/tv_regular_personal_appearance/appearance_type	112
/film/actor/dubbing_performances./film/dubbing_performance/language	112
/people/profession/specializations	111
/people/profession/specialization_of	111
/tv/non_character_role/tv_regular_personal_appearances./tv/tv_regular_personal_appearance/person	109
/time/event/instance_of_recurring_event	109
/base/localfood/seasonal_month/produce_available./base/localfood/produce_availability/seasonal_months	108
/government/political_party/politicians_in_this_party./government/political_party_tenure/politician	107
/government/governmental_jurisdiction/governing_officials./government/government_position_held/office_holder	107
/government/politician/government_positions_held./government/government_position_held/jurisdiction_of_office	106
/organization/organization/place_founded	104
/government/politician/party./government/political_party_tenure/party	104
/tv/tv_personality/tv_regular_appearances./tv/tv_regular_personal_appearance/program	103
/broadcast/artist/content	103
/sports/sports_position/players./american_football/football_historical_roster_position/position_s	102
/broadcast/content/artist	102
/olympics/olympic_medal/medal_winners./olympics/olympic_medal_honor/olympics	101
/olympics/olympic_games/medals_awarded./olympics/olympic_medal_honor/medal	101
/government/governmental_body/members./government/government_position_held/legislative_sessions	101
/film/film/film_art_direction_by	101
/dataworld/gardening_hint/split_to	101
/user/alexander/philosophy/philosopher/interests	100
/music/instrument/family	100
/base/saturdaynightlive/snl_cast_member/seasons./base/saturdaynightlive/snl_season_tenure/cast_members	100
/user/alexander/philosophy/subject/philosophers	98
/base/activism/activist/area_of_activism	98
/base/activism/activism_issue/activists	98
/education/educational_institution/subsidiary_or_constituent_schools	96
/education/educational_institution/parent_institution	96
/music/instrument/variation	95
/film/film_art_director/films_art_directed	95
/base/x2010fifaworldcupsouthafrica/world_cup_squad/current_world_cup_squad./base/x2010fifaworldcupsouthafrica/current_world_cup_squad/position	95
/symbols/namesake/named_after	94
/government/legislative_session/members./government/government_position_held/governmental_body	93
/sports/pro_athlete/teams./sports/sports_team_roster/position	92
/music/voice/singers	92
/sports/sports_position/players./sports/sports_team_roster/player	90
/symbols/name_source/namesakes	87
/organization/organization/phone_number./common/phone_number/service_location	85
/award/award_presenting_organization/award_categories_presented	85
/award/award_category/presenting_organization	85
/military/military_combatant/force_deployments./military/force_strength/combatant	84
/people/person/parents	83
/organization/organization/legal_structure	81
/tv/special_tv_performance_type/starring_performances./tv/regular_tv_appearance/actor	80
/military/military_person/participated_in_conflicts	80
/military/military_conflict/commanders./military/military_command/military_commander	80
/base/academyawards/host_of_oscar_show/oscar_show_hosted	80
/tv/tv_actor/starring_roles./tv/regular_tv_appearance/special_performance_type	79
/government/legislative_session/members./government/government_position_held/basic_title	79
/government/politician/government_positions_held./government/government_position_held/governmental_body	78
/education/educational_institution/students_graduates./education/education/specialization	78
/people/person/children	77
/music/group_member/vocal_range	77
/military/military_conflict/military_personnel_involved	77
/government/government_office_category/officeholders./government/government_position_held/legislative_sessions	77
/education/educational_degree/people_with_this_degree./education/education/specialization	77
/food/diet_follower/follows_diet	76
/protected_sites/natural_or_cultural_site_designation/sites./protected_sites/natural_or_cultural_site_listing/listed_site	75
/government/governmental_body/members./government/government_position_held/district_represented	75
/business/company_type/companies_of_this_type	75
/military/military_conflict/commanders./military/military_command/military_combatant	74
/business/business_operation/net_profit./measurement_unit/dated_money_value/currency	74
/people/family/country	73
/military/military_commander/military_commands./military/military_command/military_conflict	73
/government/political_district/representatives./government/government_position_held/governmental_body	73
/base/popstra/celebrity/lived_with./base/popstra/lived_with/participant	72
/soccer/football_position/players	71
/food/diet/followers	71
/military/military_combatant/military_commanders./military/military_command/military_conflict	70
/government/politician/government_positions_held./government/government_position_held/office_position_or_title	70
/government/governmental_body/members./government/government_position_held/office_holder	70
/protected_sites/listed_site/designation_as_natural_or_cultural_site./protected_sites/natural_or_cultural_site_listing/designation	69
/government/governmental_body/members./government/government_position_held/appointed_by	69
/film/film/gross_revenue./measurement_unit/dated_money_value/currency	69
/base/localfood/seasonal_month/produce_available./base/localfood/produce_availability/produce	69
/base/localfood/produce/availability./base/localfood/produce_availability/seasonal_months	69
/organization/organization_scope/organizations_with_this_scope	68
/organization/organization/geographic_scope	68
/film/film_crewmember/films_crewed./film/film_crew_gig/film_crew_role	67
/film/film_character/portrayed_in_films./film/performance/actor	67
/government/government_office_or_title/office_holders./government/government_position_held/office_holder	66
/sports/pro_athlete/teams./soccer/football_roster_position/position	65
/military/armed_force/personnel./military/military_service/military_person	65
/government/political_appointer/appointees./government/government_position_held/governmental_body	65
/base/schemastaging/tv_program_extra/regular_dubbing_performances./base/schemastaging/tv_star_dubbing_performance/actor	65
/people/person/employment_history./business/employment_tenure/title	64
/organization/organization/phone_number./common/phone_number/category	64
/medicine/disease/includes_diseases	64
/film/film/starring./film/performance/character	64
/language/human_language/main_country	63
/sports/sports_position/players./soccer/football_roster_position/player	62
/soccer/football_player/position_s	62
/medicine/disease/medical_specialties	62
/business/job_title/people_with_this_title./business/employment_tenure/person	62
/soccer/football_player/current_team./soccer/football_roster_position/position	61
/military/military_person/service./military/military_service/military_force	61
/media_common/media_genre/parent_genre	61
/education/educational_institution/students_graduates./education/education/minor	61
/business/business_operation/liabilities./measurement_unit/dated_money_value/currency	61
/base/schemastaging/organization_extra/phone_number./base/schemastaging/phone_open_times/time_zone	61
/soccer/football_player/current_team./sports/sports_team_roster/position	60
/media_common/media_genre/child_genres	60
/base/popstra/religion/membership./base/popstra/religion_choice/member	60
/base/popstra/celebrity/religion./base/popstra/religion_choice/religion	59
/organization/organization_type/organizations_of_this_type	58
/medicine/disease/parent_disease	58
/film/actor/film./film/performance/character	57
/base/schemastaging/tv_actor_extra/regular_dubbing_performances./base/schemastaging/tv_star_dubbing_performance/program	57
/film/film_character/portrayed_in_films./film/performance/film	56
/education/field_of_study/students_majoring./education/education/specialization	56
/education/educational_degree/people_with_this_degree./education/education/minor	56
/business/business_operation/retained_earnings./measurement_unit/dated_money_value/currency	55
/olympics/olympic_athlete/medals_won./olympics/olympic_medal_honor/medalist	54
/soccer/football_team/league./soccer/football_league_participation/league	53
/olympics/olympic_athlete/country./olympics/olympic_athlete_affiliation/olympics	53
/government/political_appointer/appointees./government/government_position_held/office_position_or_title	53
/medicine/medical_specialty/diseases_treated	52
/medicine/disease/treatments	52
/film/film/runtime./film/film_cut/type_of_film_cut	52
/business/business_operation/current_assets./measurement_unit/dated_money_value/currency	52
/base/popstra/celebrity/supporter./base/popstra/support/supported_organization	52
/tv/tv_actor/starring_roles./tv/regular_tv_appearance/character	51
/soccer/football_league/teams./soccer/football_league_participation/team	51
/medicine/medical_treatment/used_to_treat	51
/government/political_district/representatives./government/government_position_held/jurisdiction_of_office	51
/government/governmental_jurisdiction/governing_officials./government/government_position_held/district_represented	51
/government/government_office_or_title/office_holders./government/government_position_held/appointed_by	51
/education/field_of_study/students_majoring./education/education/minor	51
/organization/organization/organization_type	50
/government/legislative_session/legislature	49
/business/business_operation/current_liabilities./measurement_unit/dated_money_value/currency	49
/base/schemastaging/tv_actor_extra/regular_dubbing_performances./base/schemastaging/tv_star_dubbing_performance/language	49
/location/country/currency_used	48
/government/government_office_category/officeholders./government/government_position_held/appointed_by	48
/film/film_job/films_with_this_crew_job./film/film_crew_gig/crewmember	48
/base/popstra/organization/supporter./base/popstra/support/supporter	48
/tv/tv_character/appeared_in_tv_program./tv/regular_tv_appearance/actor	47
/finance/currency/countries_used	47
/royalty/chivalric_order_member/belongs_to_order./royalty/chivalric_order_membership/order	46
/olympics/olympic_games/athletes./olympics/olympic_athlete_affiliation/athlete	46
/military/military_conflict/casualties./military/casualties/combatant	46
/government/political_appointer/appointees./government/government_position_held/basic_title	46
/government/legislative_session/members./government/government_position_held/office_position_or_title	46
/government/governmental_body/sessions	46
/food/ingredient/compatible_with_dietary_restrictions	46
/military/military_combatant/casualties./military/casualties/military_conflict	45
/food/dietary_restriction/compatible_ingredients	45
/sports/pro_athlete/teams./american_football/football_historical_roster_position/team	44
/government/government_office_or_title/office_holders./government/government_position_held/legislative_sessions	44
/business/business_operation/cash./measurement_unit/dated_money_value/currency	44
/olympics/olympic_games/medals_awarded./olympics/olympic_medal_honor/medalist	43
/language/language_writing_system/languages	43
/government/legislative_session/members./government/government_position_held/jurisdiction_of_office	43
/tv/special_tv_performance_type/episode_performances./tv/tv_guest_role/actor	42
/celebrities/sexual_orientation/celebrities./celebrities/sexual_orientation_phase/celebrity	42
/american_football/football_player/former_teams./sports/sports_team_roster/team	42
/user/alexbl/honorary_title/honorary_title/titled_people./user/alexbl/honorary_title/honorary_title_holding/conferred_upon	41
/people/ethnicity/included_in_group	41
/people/cause_of_death/includes_causes_of_death	41
/language/human_language/writing_system	41
/government/political_appointer/appointees./government/government_position_held/jurisdiction_of_office	41
/sports/sports_team/roster./american_football/football_historical_roster_position/player	40
/people/cause_of_death/parent_cause_of_death	40
/military/armed_force/personnel./military/military_service/rank	40
/media_common/adapted_work/adaptations	40
/location/neighborhood/neighborhood_of	40
/government/governmental_jurisdiction/governing_officials./government/government_position_held/appointed_by	40
/film/film_casting_director/films_casting_directed	40
/user/alexbl/honorary_title/titled_person/honorary_title./user/alexbl/honorary_title/honorary_title_holding/honorary_title	39
/royalty/order_of_chivalry/recipients./royalty/chivalric_order_membership/recipient	39
/people/ethnicity/includes_groups	39
/military/rank/used_by_services./military/military_service/military_force	39
/film/film/film_casting_director	39
/celebrities/celebrity/sexual_orientation./celebrities/sexual_orientation_phase/sexual_orientation	39
/base/events/performer/performances./base/events/performance/performer	39
/american_football/football_team/historical_roster./american_football/football_historical_roster_position/player	39
/user/mt/default_domain/metabolite/biofluid_location	38
/olympics/olympic_athlete/medals_won./olympics/olympic_medal_honor/olympics	38
/olympics/olympic_athlete/country./olympics/olympic_athlete_affiliation/country	38
/american_football/football_coach_position/coaches_holding_this_position./american_football/football_historical_coach_position/team	38
/tv/tv_actor/guest_roles./tv/tv_guest_role/special_performance_type	37
/government/governmental_jurisdiction/governing_officials./government/government_position_held/legislative_sessions	37
/film/film/dubbing_performances./film/dubbing_performance/language	37
/education/field_of_study/subdisciplines	37
/base/schemastaging/tv_program_extra/regular_dubbing_performances./base/schemastaging/tv_star_dubbing_performance/language	37
/base/schemastaging/athlete_extra/salary./base/schemastaging/athlete_salary/team	37
/american_football/football_team/historical_roster./sports/sports_team_roster/player	37
/american_football/football_player/former_teams./american_football/football_historical_roster_position/team	37
/time/event/includes_event	36
/sports/sports_team/roster./basketball/basketball_historical_roster_position/player	36
/people/appointer/appointment_made./people/appointment/appointed_role	36
/olympics/olympic_participating_country/athletes./olympics/olympic_athlete_affiliation/athlete	36
/olympics/olympic_athlete/medals_won./olympics/olympic_medal_honor/medal	36
/location/place_with_neighborhoods/neighborhoods	36
/base/schemastaging/athlete_extra/salary./base/schemastaging/athlete_salary/currency	36
/military/military_commander/military_commands./military/military_command/military_combatant	35
/military/military_combatant/military_commanders./military/military_command/military_commander	35
/medicine/disease/causes	35
/medicine/disease_cause/diseases	34
/media_common/dedicator/dedications./media_common/dedication/dedicated_to	34
/media_common/dedicatee/dedications./media_common/dedication/dedicated_by	34
/media_common/adaptation/adapted_from	34
/education/field_of_study/subdiscipline_of	34
/basketball/basketball_player/former_teams./basketball/basketball_historical_roster_position/team	34
/tv/tv_series_season/regular_cast./tv/regular_tv_appearance/actor	33
/basketball/basketball_player/former_teams./sports/sports_team_roster/team	33
/visual_art/visual_artist/art_forms	32
/visual_art/visual_art_form/artists	32
/tv/tv_program/regular_personal_appearances./tv/tv_regular_personal_appearance/appearance_type	32
/time/event/included_in_event	32
/olympics/olympic_medal/medal_winners./olympics/olympic_medal_honor/medalist	32
/language/human_language/region	32
/government/politician/government_positions_held./government/government_position_held/appointed_by	32
/government/political_party/ideology	32
/government/political_ideology/political_parties	32
/tv/tv_actor/starring_roles./tv/regular_tv_appearance/seasons	31
/travel/travel_destination/tourist_attractions	31
/sports/school_sports_team/school	31
/olympics/olympic_sport/athletes./olympics/olympic_athlete_affiliation/athlete	31
/government/political_district/representatives./government/government_position_held/office_holder	31
/book/school_or_movement/associated_authors	31
/basketball/basketball_team/historical_roster./sports/sports_team_roster/player	31
/basketball/basketball_team/historical_roster./basketball/basketball_historical_roster_position/player	31
/government/politician/government_positions_held./government/government_position_held/district_represented	30
/book/author/school_or_movement	30
/basketball/basketball_player/player_statistics./basketball/basketball_player_stats/team	30
/american_football/football_position/players	30
/american_football/football_player/position_s	30
/sports/sports_team/season_record./sports/sports_team_season_record/season	29
/sports/pro_athlete/teams./basketball/basketball_historical_roster_position/team	29
/olympics/olympic_participating_country/medals_won./olympics/olympic_medal_honor/medalist	29
/olympics/olympic_athlete/country./olympics/olympic_athlete_affiliation/sport	29
/government/political_appointer/appointees./government/government_position_held/office_holder	29
/government/government_office_category/officeholders./government/government_position_held/district_represented	29
/base/popstra/celebrity/endorsements./base/popstra/paid_support/company	29
/tv/non_character_role/tv_regular_personal_appearances./tv/tv_regular_personal_appearance/program	28
/organization/role/leaders./organization/leadership/person	28
/organization/organization/acquired_by./business/acquisition/acquiring_company	28
/government/governmental_body/members./government/government_position_held/basic_title	28
/education/educational_institution/sports_teams	28
/computer/programming_language_paradigm/languages	28
/base/popstra/company/product_endorser./base/popstra/paid_support/endorser	28
/american_football/football_team/historical_coaching_staff./american_football/football_historical_coach_position/position	28
/user/szaijan/fantasy_football/player/nfl_team	27
/tv/tv_program/regular_cast./tv/regular_tv_appearance/special_performance_type	27
/tv/special_tv_performance_type/starring_performances./tv/regular_tv_appearance/series	27
/sports/sports_team/roster./baseball/baseball_historical_roster_position/player	27
/education/educational_institution/sexes_accepted./education/gender_enrollment/sex	27
/base/biblioness/bibs_location/city	27
/travel/tourist_attraction/near_travel_destination	26
/royalty/royal_line/kingdom_s_ruled	26
/people/appointed_role/appointment./people/appointment/appointed_by	26
/organization/organization/sectors	26
/olympics/olympic_athlete/medals_won./olympics/olympic_medal_honor/country	26
/military/military_conflict/force_strengths./military/force_strength/combatant	26
/language/human_language/language_family	26
/geography/river/cities	26
/computer/programming_language/influenced	26
/aviation/airport/airlines./aviation/airline_airport_presence/cities_served	26
/user/hangy/default_domain/sports_team_gender/gender	25
/sports/sports_award_type/winners./sports/sports_award/season	25
/religion/religion/is_part_of	25
/religion/religion/includes	25
/organization/organization/companies_acquired./business/acquisition/company_acquired	25
/government/government_office_category/officeholders./government/government_position_held/governmental_body	25
/computer/programming_language/influenced_by	25
/baseball/baseball_team/historical_roster./sports/sports_team_roster/player	25
/baseball/baseball_player/former_teams./sports/sports_team_roster/team	25
/baseball/baseball_player/former_teams./baseball/baseball_historical_roster_position/team	25
/aviation/airline/airports_served./aviation/airline_airport_presence/cities_served	25
/tv/tv_program_guest/appeared_on./tv/tv_guest_personal_appearance/appearance_type	24
/organization/organization_sector/organizations_in_this_sector	24
/organization/organization/board_members./organization/organization_board_membership/member	24
/government/political_district/representatives./government/government_position_held/basic_title	24
/computer/programming_language/language_paradigms	24
/baseball/baseball_team/historical_roster./baseball/baseball_historical_roster_position/player	24
/tv/non_character_role/tv_guest_personal_appearances./tv/tv_guest_personal_appearance/person	23
/medicine/drug/legal_status	23
/fictional_universe/fictional_character/character_created_by	23
/business/board_member/leader_of./organization/leadership/role	23
/base/saints/saint/venerated_in	23
/base/popstra/company/shopping_choice./base/popstra/shopping_choice/shopper	23
/tv/tv_program/spun_off_from	22
/sports/pro_athlete/teams./baseball/baseball_historical_roster_position/team	22
/language/language_family/languages	22
/fictional_universe/fictional_character_creator/fictional_characters_created	22
/basketball/basketball_player/position_s	22
/user/alexander/philosophy/philosopher/era	21
/tv/tv_program/spin_offs	21
/transportation/road/major_cities	21
/military/military_combatant/force_deployments./military/force_strength/military_conflict	21
/government/government_agency/jurisdiction	21
/business/board_member/organization_board_memberships./organization/organization_board_membership/organization	21
/biology/organism_classification/rank	21
/baseball/baseball_player/batting_stats./baseball/batting_statistics/team	21
/baseball/baseball_player/batting_stats./baseball/batting_statistics/season	21
/base/twinnedtowns/twinned_town/twinned_with./base/twinnedtowns/town_twinning/twinned_towns	21
/base/popstra/celebrity/shops_at./base/popstra/shopping_choice/company	21
/base/popstra/celebrity/hangout./base/popstra/hangout/business_location	21
/base/popstra/celebrity/eats_at./base/popstra/restaurant_choice/restaurant	21
/base/fight/crime_type/people_convicted_of_this_crime./base/crime/criminal_conviction/guilty_of	21
/base/contractbridge/bridge_player/second_place_finish./base/contractbridge/bridge_tournament_standings/first_place	21
/base/contractbridge/bridge_player/first_place_finish./base/contractbridge/bridge_tournament_standings/first_place	21
/tv/tv_network/areas_served	20
/sports/sports_league_season/awards./sports/sports_award/award	20
/sports/sports_championship_event/champion	20
/organization/role/governors./organization/organization_board_membership/organization	20
/organization/organization/board_members./organization/organization_board_membership/role	20
/government/governmental_jurisdiction/governing_officials./government/government_position_held/governmental_body	20
/government/governmental_body/members./government/government_position_held/jurisdiction_of_office	20
/fictional_universe/work_of_fiction/part_of_these_fictional_universes	20
/chemistry/chemical_compound/solubility./chemistry/solubility_relationship/solvent	20
/biology/organism_classification_rank/organism_classifications	20
/basketball/basketball_position/players	20
/base/popstra/business_location/customer./base/popstra/hangout/customer	20
/base/localfood/produce/availability./base/localfood/produce_availability/location	20
/user/alexander/philosophy/era/philosophers	19
/soccer/football_player/matches_played./soccer/football_player_match_participation/team	19
/royalty/monarch/kingdom	19
/medicine/drug_ingredient/active_moiety_of_drug	19
/location/symbol_of_administrative_division/official_symbol_of./location/location_symbol_relationship/administrative_division	19
/government/governmental_jurisdiction/official_symbols./location/location_symbol_relationship/symbol	19
/government/governmental_body/jurisdiction	19
/fictional_universe/fictional_universe/works_set_here	19
/fictional_universe/character_gender/characters_of_this_gender	19
/base/x2010fifaworldcupsouthafrica/world_cup_squad/current_world_cup_squad./base/x2010fifaworldcupsouthafrica/current_world_cup_squad/players	19
/base/x2010fifaworldcupsouthafrica/world_cup_participant/world_cup_team./base/x2010fifaworldcupsouthafrica/current_world_cup_squad/position	19
/base/x2010fifaworldcupsouthafrica/world_cup_participant/world_cup_team./base/x2010fifaworldcupsouthafrica/current_world_cup_squad/current_club	19
/base/popstra/restaurant/restaurant_choice./base/popstra/restaurant_choice/diner	19
/base/localfood/food_producing_region/seasonal_availability./base/localfood/produce_availability/produce	19
/base/contractbridge/bridge_player/second_place_finish./base/contractbridge/bridge_tournament_standings/second_place	19
/base/contractbridge/bridge_player/first_place_finish./base/contractbridge/bridge_tournament_standings/second_place	19
/base/americancomedy/comedy_group/members./base/americancomedy/comedy_group_membership/member	19
/sports/pro_athlete/teams./american_football/football_historical_roster_position/position_s	18
/royalty/kingdom/rulers	18
/government/governmental_jurisdiction/government_bodies	18
/geography/river/basin_countries	18
/film/film_festival/individual_festivals	18
/fictional_universe/fictional_character/occupation	18
/base/nobelprizes/nobel_prize_winner/nobel_honor./base/nobelprizes/nobel_honor/subject_area	18
/base/bioventurist/science_or_technology_company/develops_treatments_for_disease	18
/user/robert/us_congress/congressional_caucus/current_house_members	17
/tv/tv_series_season/regular_cast./tv/regular_tv_appearance/seasons	17
/tv/tv_location/tv_shows_filmed_here	17
/sports/sports_team/championships	17
/sports/sports_position/players./american_football/football_historical_roster_position/player	17
/government/governmental_jurisdiction/governing_officials./government/government_position_held/office_position_or_title	17
/government/government_office_or_title/office_holders./government/government_position_held/jurisdiction_of_office	17
/fictional_universe/fictional_character/powers_or_abilities	17
/fictional_universe/fictional_character/gender	17
/fictional_universe/character_occupation/characters_with_this_occupation	17
/cvg/gameplay_mode/games_with_this_mode	17
/cvg/cvg_genre/games	17
/baseball/baseball_player/position_s	17
/base/x2010fifaworldcupsouthafrica/world_cup_participant/world_cup_team./base/x2010fifaworldcupsouthafrica/current_world_cup_squad/national_team	17
/base/parody/parody/parody_of	17
/base/nobelprizes/nobel_subject_area/nobel_awards./base/nobelprizes/nobel_honor/nobel_prize_winner	17
/base/fight/crime_type/people_convicted_of_this_crime./base/crime/criminal_conviction/convicted_person	17
/base/crime/convicted_criminal/convictions./base/crime/criminal_conviction/guilty_of	17
/american_football/football_player/former_teams./sports/sports_team_roster/position	17
/tv/tv_program/filming_locations	16
/tv/tv_actor/guest_roles./tv/tv_guest_role/episodes_appeared_in	16
/travel/travel_destination/how_to_get_here./travel/transportation/transport_operator	16
/music/group_member/artists_supported	16
/music/artist/supporting_artists	16
/film/film_festival_event/festival	16
/fictional_universe/character_powers/characters_with_this_ability	16
/cvg/computer_videogame/gameplay_modes	16
/base/americancomedy/comedy_group_member/belongs_to./base/americancomedy/comedy_group_membership/group	16
/aviation/airport/airlines./aviation/airline_airport_presence/airline	16
/aviation/airline/airports_served./aviation/airline_airport_presence/airport	16
/visual_art/art_period_movement/associated_artists	15
/travel/transport_operator/travel_destinations_served./travel/transportation/travel_destination	15
/sports/sports_team_owner/teams_owned	15
/sports/sports_award_winner/awards./sports/sports_award/award	15
/sports/professional_sports_team/owner_s	15
/sports/professional_sports_team/draft_picks./sports/sports_league_draft_pick/player	15
/people/family_member/family	15
/military/rank/used_by_services./military/military_service/military_person	15
/medicine/drug/active_moieties	15
/government/governmental_jurisdiction/agencies	15
/geography/lake/cities	15
/cvg/computer_videogame/cvg_genre	15
/base/contractbridge/bridge_player/teammates./base/contractbridge/bridge_player_teammates/teammate	15
/american_football/football_player/former_teams./american_football/football_historical_roster_position/position_s	15
/visual_art/visual_artist/associated_periods_or_movements	14
/venture_capital/venture_funded_company/venture_investors./venture_capital/venture_investment/investor	14
/user/mt/default_domain/metabolite/associated_disorder	14
/tv/tv_character/appeared_in_tv_program./tv/regular_tv_appearance/series	14
/religion/religion/notable_figures	14
/people/family/members	14
/military/military_person/service./military/military_service/rank	14
/film/film_company/films./film/film_film_company_relationship/film	14
/fictional_universe/work_of_fiction/setting	14
/common/webpage/category	14
/broadcast/content/genre	14
/baseball/baseball_position/players	14
/base/parody/parodied_subject/parodies	14
/base/bioventurist/bv_medical_condition/company_involved	14
/architecture/structure/architectural_style	14
/venture_capital/venture_investor/investments./venture_capital/venture_investment/company	13
/user/robert/us_congress/us_representative/congressional_caucus_memberships	13
/sports/sports_award_type/winners./sports/sports_award/award_winner	13
/government/government_office_or_title/category	13
/film/film/other_film_companies./film/film_film_company_relationship/film_company	13
/fictional_universe/fictional_setting/works_set_here	13
/common/annotation_category/annotations	13
/baseball/baseball_team/league	13
/architecture/architectural_style/examples	13
/user/narphorium/people/wealthy_person/net_worth./measurement_unit/dated_money_value/currency	12
/user/coco/science/concepts_theories/parent_concept	12
/tv/tv_subject/tv_programs	12
/tv/tv_series_episode/series	12
/tv/tv_series_episode/guest_stars./tv/tv_guest_role/actor	12
/tv/tv_program/episodes	12
/tennis/tennis_player/matches_won./tennis/tennis_match/loser	12
/sports/sports_championship/events	12
/sports/drafted_athlete/drafted./sports/sports_league_draft_pick/team	12
/government/governmental_jurisdiction/government_positions	12
/government/government_office_or_title/office_holders./government/government_position_held/basic_title	12
/government/government_office_or_title/jurisdiction	12
/business/board_member/leader_of./organization/leadership/organization	12
/broadcast/radio_station/format	12
/broadcast/genre/content	12
/baseball/baseball_league/teams	12
/base/schemastaging/person_extra/net_worth./measurement_unit/dated_money_value/source	12
/base/popstra/product/sold_to./base/popstra/product_choice/consumer	12
/base/americancomedy/comedy_genre/comedians_in_this_genre	12
/base/americancomedy/comedian/comedy_genres	12
/user/coco/science/concepts_theories/child_concept	11
/tv/tv_program/regular_cast./tv/regular_tv_appearance/character	11
/tennis/tennis_player/matches_lost./tennis/tennis_match/winner	11
/sports/sports_championship_event/championship	11
/government/government_office_category/offices	11
/broadcast/broadcast/area_served	11
/basketball/basketball_team/roster./sports/sports_team_roster/player	11
/base/popstra/company/fashion_choice./base/popstra/fashion_choice/fashion_wearer	11
/base/popstra/celebrity/wears./base/popstra/fashion_choice/designer	11
/base/popstra/celebrity/bought./base/popstra/product_choice/product	11
/base/nobelprizes/nobel_subject_area/nobel_awards./base/nobelprizes/nobel_honor/subject_area	11
/base/newsevents/news_reported_event/news_report_s./base/newsevents/news_report/news_reporting_organisation	11
/award/long_list_nominee/long_list_nominations./award/long_list_nomination/award	11
/aviation/airport/serves	11
/tv/tv_program/subjects	10
/tv/tv_character/appeared_in_tv_episodes./tv/tv_guest_role/actor	10
/religion/religion/practices	10
/people/deceased_person/place_of_cremation	10
/music/genre/albums	10
/location/location/nearby_airports	10
/finance/currency/countries_formerly_used	10
/computer/operating_system/parent_os	10
/computer/operating_system/includes_os_versions	10
/business/sponsor/sponsorship./business/sponsorship/sponsored_recipient	10
/broadcast/radio_format/stations	10
/basketball/basketball_player/team./sports/sports_team_roster/team	10
/award/award_category/long_lists./award/long_list_nomination/nominee	10
/aviation/airport/focus_city_for	10
/aviation/airline/hubs	10
/tv/tv_actor/guest_roles./tv/tv_guest_role/character	9
/sports/pro_athlete/teams./basketball/basketball_roster_position/team	9
/sports/pro_athlete/teams./basketball/basketball_roster_position/position	9
/royalty/monarch/royal_line	9
/organization/organization/involved_in_merger./organization/organization_merger/organizations_merging	9
/medicine/infectious_disease/infectious_agent_type	9
/geography/island/body_of_water	9
/food/ingredient/incompatible_with_dietary_restrictions	9
/basketball/basketball_team/roster./basketball/basketball_roster_position/player	9
/basketball/basketball_player/team./sports/sports_team_roster/position	9
/basketball/basketball_player/team./basketball/basketball_roster_position/team	9
/base/fight/crime_type/victims_of_this_crime_type	9
/base/argumentmaps/abstract_moral_dispute/particular_instances	9
/sports/sports_team/roster./basketball/basketball_roster_position/player	8
/sports/sports_position/players./basketball/basketball_roster_position/player	8
/sports/sports_league_season/awards./sports/sports_award/award_winner	8
/sports/sports_award_winner/awards./sports/sports_award/season	8
/religion/religion/deities	8
/protected_sites/listed_site/designation_as_natural_or_cultural_site./protected_sites/natural_or_cultural_site_listing/category_or_criteria	8
/organization/organization/leadership./organization/leadership/person	8
/music/album/genre	8
/media_common/dedicatee/dedications./media_common/dedication/work_dedicated	8
/location/country/currency_formerly_used	8
/government/government_office_or_title/office_holders./government/government_position_held/governmental_body	8
/government/government_office_category/officeholders./government/government_position_held/office_position_or_title	8
/geography/geographical_feature_category/features	8
/geography/geographical_feature/category	8
/geography/body_of_water/islands	8
/food/dietary_restriction/incompatible_ingredients	8
/film/special_film_performance_type/film_performance_type./film/performance/character	8
/education/field_of_study/academics_in_this_field	8
/education/academic/research_areas	8
/cvg/game_character/games./cvg/game_performance/game	8
/cvg/cvg_publisher/games_published	8
/cvg/computer_videogame/publisher	8
/cvg/computer_videogame/characters./cvg/game_performance/character	8
/cvg/computer_game_subject/games	8
/computer/software/license	8
/business/sponsored_recipient/sponsorship./business/sponsorship/sponsored_by	8
/business/consumer_company/brands./business/company_brand_relationship/brand	8
/business/brand/owner_s./business/company_brand_relationship/company	8
/biology/animal_breed/place_of_origin	8
/basketball/basketball_player/team./basketball/basketball_roster_position/position	8
/base/petbreeds/dog_breed/size./base/petbreeds/dog_size/gender	8
/base/crime/crime_victim/crime_type	8
/base/crime/crime_victim/crime	8
/base/crime/crime/victim_s	8
/aviation/airport/hub_for	8
/architecture/museum/address./location/mailing_address/citytown	8
/tv/tv_character/appeared_in_tv_program./tv/regular_tv_appearance/special_performance_type	7
/sports/sports_league/sport	7
/sports/sports_award_winner/awards./sports/sports_award/team	7
/soccer/football_player/goals_scored./soccer/football_goal/point_awarded_to	7
/royalty/royal_line/monarchs_from_this_line	7
/religion/religious_practice/practice_of	7
/religion/religion/texts	7
/protected_sites/site_listing_category/listed_sites./protected_sites/natural_or_cultural_site_listing/listed_site	7
/projects/project_participant/projects./projects/project_participation/role	7
/periodicals/newspaper_circulation_area/newspapers	7
/medicine/type_of_infectious_agent/diseases	7
/medicine/drug_ingredient/more_general_ingredient	7
/media_common/dedicated_work/dedication./media_common/dedication/dedicated_to	7
/government/governmental_body/members./government/government_position_held/office_position_or_title	7
/film/film_character/portrayed_in_films_dubbed./film/dubbing_performance/language	7
/film/film_character/portrayed_in_films./film/performance/special_performance_type	7
/cvg/computer_videogame/subjects	7
/computer/software_genre/software_in_genre	7
/computer/software/software_genre	7
/computer/operating_system/developer	7
/book/book_subject/works	7
/biology/breed_origin/breeds_originating_here	7
/basketball/basketball_position/player_roster_position./sports/sports_team_roster/player	7
/baseball/baseball_player/lifetime_batting_statistics./baseball/lifetime_batting_statistics/last_statistics_season	7
/base/newsevents/news_reporting_organisation/news_reports./base/newsevents/news_report/event	7
/base/famouspets/pet_owner/pets_owned./base/famouspets/pet_ownership/owner	7
/award/hall_of_fame/discipline	7
/aviation/airline/focus_cities	7
/architecture/type_of_museum/museums	7
/architecture/architectural_style/architects	7
/tv/tv_series_season/regular_cast./tv/regular_tv_appearance/series	6
/tv/special_tv_performance_type/starring_performances./tv/regular_tv_appearance/character	6
/travel/transport_terminus/travel_destinations_served./travel/transportation/mode_of_transportation	6
/religion/deity/deity_of	6
/projects/project_role/projects./projects/project_participation/participant	6
/organization/organization/product_of_merger./organization/organization_merger/organizations_merging	6
/media_common/literary_genre/books_in_this_genre	6
/location/it_province/capital	6
/geography/island/island_group	6
/film/film/personal_appearances./film/personal_film_appearance/type_of_appearance	6
/film/film/film_series	6
/film/film/dubbing_performances./film/dubbing_performance/character	6
/education/school_mascot/school	6
/education/educational_institution/mascot	6
/computer/software/languages_used	6
/computer/operating_system_developer/operating_systems_developed	6
/computer/computer/manufacturer	6
/common/topic/webpage./common/webpage/topic	6
/book/written_work/subjects	6
/basketball/basketball_position/player_roster_position./basketball/basketball_roster_position/player	6
/base/yalebase/secret_society_member/belonged_to./base/yalebase/secret_society_membership/society	6
/base/contractbridge/bridge_tournament/standing./base/contractbridge/bridge_tournament_standings/first_place	6
/base/contractbridge/bridge_player/second_place_finish./base/contractbridge/bridge_tournament_standings/tournament	6
/base/argumentmaps/morally_disputed_activity/instance_of_abstract_moral_dispute	6
/aviation/airline_alliance/member_airlines	6
/aviation/aircraft_owner/aircraft_fleet_composition./aviation/aircraft_ownership_count/aircraft_model	6
/architecture/museum/type_of_museum	6
/architecture/architect/architectural_style	6
/tv/tv_program/seasons	5
/tv/tv_program/regular_cast./tv/regular_tv_appearance/seasons	5
/travel/transport_terminus/travel_destinations_served./travel/transportation/travel_destination	5
/theater/theater_character/portrayed_by./theater/theater_role/actor	5
/sports/sport/leagues	5
/sports/drafted_athlete/drafted./sports/sports_league_draft_pick/school	5
/soccer/football_team_manager/team./soccer/football_team_management_tenure/team	5
/royalty/noble_title/holders./royalty/noble_title_tenure/noble_person	5
/royalty/noble_person/titles./royalty/noble_title_tenure/noble_title	5
/religion/religious_text/religious_text_of	5
/religion/religious_organization/associated_with	5
/religion/religion/organizations	5
/organization/organization/spin_offs./organization/organization_spin_off/child_company	5
/music/artist/album	5
/music/album/artist	5
/medicine/drug_ingredient/more_specific_ingredient	5
/internet/website/category	5
/film/personal_film_appearance_type/film_appearances./film/personal_film_appearance/film	5
/film/film_series/films_in_series	5
/film/film_festival/location	5
/film/film_character/portrayed_in_films_dubbed./film/dubbing_performance/film	5
/fictional_universe/fictional_universe/characters	5
/fictional_universe/fictional_character/species	5
/fictional_universe/character_species/characters_of_this_species	5
/dining/cuisine/restaurant	5
/dining/cuisine/ingredients	5
/computer/software_developer/software	5
/computer/software/compatible_oses./computer/software_compatibility/operating_system	5
/business/asset_owner/assets_owned./business/asset_ownership/owned_asset	5
/business/asset/owners./business/asset_ownership/owner	5
/broadcast/tv_station_owner/tv_stations	5
/broadcast/tv_station/owner	5
/book/newspaper/circulation_areas	5
/book/book/genre	5
/biology/animal_breed/breed_of	5
/base/yalebase/secret_society/notable_members./base/yalebase/secret_society_membership/member	5
/base/schemastaging/tv_program_extra/regular_dubbing_performances./base/schemastaging/tv_star_dubbing_performance/character	5
/base/schemastaging/tv_character_extra/regular_dubbing_performances./base/schemastaging/tv_star_dubbing_performance/language	5
/base/onephylogeny/type_of_thing/things_of_this_type	5
/base/fight/crime_type/includes_crimes	5
/base/events/type_of_festival/recurring_festivals_of_this_type	5
/base/contractbridge/bridge_player/first_place_finish./base/contractbridge/bridge_tournament_standings/tournament	5
/award/hall_of_fame_discipline/halls_of_fame	5
/aviation/airline/alliance	5
/architecture/structure/address./location/mailing_address/citytown	5
/architecture/museum/address./location/mailing_address/state_province_region	5
/american_football/football_player/rushing./american_football/player_rushing_statistics/team	5
/american_football/football_player/passing./american_football/player_passing_statistics/season	5
/american_football/football_player/games./american_football/player_game_statistics/team	5
/user/robert/us_congress/us_representative/state	4
/user/lindenb/default_domain/scientist/known_for	4
/tv/tv_series_season/series	4
/travel/travel_destination/how_to_get_here./travel/transportation/transport_terminus	4
/travel/transport_operator/travel_destinations_served./travel/transportation/transport_operator	4
/travel/transport_operator/travel_destinations_served./travel/transportation/mode_of_transportation	4
/tennis/tennis_tournament_champion/tennis_titles./tennis/tennis_tournament_championship/winner	4
/sports/sports_team/roster./ice_hockey/hockey_previous_roster_position/player	4
/sports/sports_league_draft/picks./sports/sports_league_draft_pick/player	4
/sports/sports_championship_event/runner_up	4
/sports/sport_country/athletic_performances./sports/competitor_competition_relationship/competitors	4
/soccer/football_team/manager./soccer/football_team_management_tenure/manager	4
/organization/organization/spun_off_from./organization/organization_spin_off/parent_company	4
/organization/organization/involved_in_merger./organization/organization_merger/became_organization	4
/medicine/icd_9_cm_classification/parent_classification	4
/medicine/icd_9_cm_classification/includes_classifications	4
/law/inventor/inventions	4
/law/invention/inventor	4
/interests/collection_category/parent_category	4
/ice_hockey/hockey_player/former_team_s./sports/sports_team_roster/team	4
/ice_hockey/hockey_player/former_team_s./ice_hockey/hockey_previous_roster_position/team	4
/geography/river/mouth	4
/geography/lake/basin_countries	4
/geography/island_group/islands_in_group	4
/food/dish/cuisine	4
/film/film_character/portrayed_in_films_dubbed./film/dubbing_performance/actor	4
/fictional_universe/fictional_character/romantically_involved_with./fictional_universe/romantic_involvement/partner	4
/fictional_universe/fictional_character/employers./fictional_universe/fictional_employment_tenure/title	4
/exhibitions/exhibition_sponsor/exhibitions_sponsored./exhibitions/exhibition_run/sponsor	4
/education/school/lowest_grade_taught	4
/education/school/highest_grade_taught	4
/dining/restaurant/cuisine	4
/dining/cuisine/dishes	4
/computer/computer_manufacturer_brand/computer_models	4
/common/topic/webpage./common/webpage/resource	4
/common/resource/annotations./common/webpage/topic	4
/comic_books/comic_book_fictional_universe/characters_primarily_appearing_in_this_universe	4
/comic_books/comic_book_creator/characters_created	4
/comic_books/comic_book_character/primary_universe	4
/comic_books/comic_book_character/created_by	4
/broadcast/producer/produces	4
/book/written_work/author	4
/book/author/works_written	4
/biology/organism_classification/lower_classifications	4
/biology/organism_classification/higher_classification	4
/biology/domesticated_animal/breeds	4
/biology/breed_registry/recognized_breeds./biology/breed_registration/breed	4
/biology/animal_breed/registered_with./biology/breed_registration/registry	4
/base/schemastaging/tv_character_extra/regular_dubbing_performances./base/schemastaging/tv_star_dubbing_performance/program	4
/base/schemastaging/tv_character_extra/regular_dubbing_performances./base/schemastaging/tv_star_dubbing_performance/actor	4
/base/schemastaging/tv_actor_extra/regular_dubbing_performances./base/schemastaging/tv_star_dubbing_performance/character	4
/base/fight/crime_type/included_in_crimes	4
/base/events/festival_series/type_of_festival	4
/base/contractbridge/bridge_tournament/standing./base/contractbridge/bridge_tournament_standings/second_place	4
/base/activism/activism_issue/activist_organizations	4
/award/award/presented_by	4
/aviation/aircraft_model/number_owned_by./aviation/aircraft_ownership_count/aircraft_owner	4
/astronomy/star_system_body/star_system	4
/astronomy/star_system/planetary_system	4
/astronomy/orbital_relationship/orbits	4
/astronomy/celestial_object_category/objects	4
/american_football/football_player/games./american_football/player_game_statistics/season	4
/visual_art/art_subject/artwork_on_the_subject	3
/user/tfmorris/default_domain/signatory/documents_signed	3
/user/szaijan/fantasy_football/position/player	3
/user/alexander/misc/murdered_person/place_murdered	3
/tv/tv_writer/episodes_written	3
/tv/tv_series_episode/writer	3
/tv/tv_series_episode/producers./tv/tv_producer_episode_credit/producer	3
/transportation/road/end2./transportation/road_starting_point/location	3
/theater/theater_actor/theater_roles./theater/theater_role/role	3
/sports/tournament_event_competitor/events_competed_in./sports/competitor_competition_relationship/country	3
/sports/pro_athlete/teams./ice_hockey/hockey_previous_roster_position/team	3
/sports/drafted_athlete/drafted./sports/sports_league_draft_pick/draft	3
/organization/role/governors./organization/organization_board_membership/member	3
/media_common/dedicator/dedications./media_common/dedication/work_dedicated	3
/location/statistical_region/population./measurement_unit/dated_integer/source	3
/location/location/street_address./location/mailing_address/state_province_region	3
/language/language_dialect/language	3
/internet/website_owner/websites_owned_new./internet/website_ownership/website	3
/internet/website_category/sites	3
/interests/collection_category/sub_categories	3
/ice_hockey/hockey_team/historical_roster./ice_hockey/hockey_previous_roster_position/player	3
/government/governmental_body/component_bodies	3
/government/governmental_body/body_this_is_a_component_of	3
/government/government_office_or_title/governmental_body_if_any	3
/food/ingredient/cuisine	3
/film/actor/dubbing_performances./film/dubbing_performance/character	3
/fictional_universe/fictional_character/married_to./fictional_universe/marriage_of_fictional_characters/spouses	3
/fictional_universe/fictional_character/ethnicity	3
/fictional_universe/fictional_character/appears_in_these_fictional_universes	3
/fictional_universe/ethnicity_in_fiction/characters_of_this_ethnicity	3
/education/fraternity_sorority/colors	3
/education/academic/advisors	3
/education/academic/advisees	3
/cvg/cvg_developer/games_developed	3
/cvg/computer_videogame/sequel	3
/cvg/computer_videogame/developer	3
/computer/software/developer	3
/common/topic/subjects	3
/comic_books/comic_book_series/publisher	3
/comic_books/comic_book_publisher/comic_book_series_published	3
/business/consumer_product/company./business/company_product_relationship/company	3
/business/consumer_company/products./business/company_product_relationship/consumer_product	3
/broadcast/content/producer	3
/broadcast/content/broadcast	3
/broadcast/broadcast/content	3
/baseball/baseball_player/lifetime_batting_statistics./baseball/lifetime_batting_statistics/starting_season	3
/baseball/baseball_player/lifetime_batting_statistics./baseball/lifetime_batting_statistics/ending_season	3
/base/schemastaging/organization_extra/phone_number./base/schemastaging/phone_sandbox/product_or_service	3
/base/activism/organization/area_of_activism	3
/award/award_presenting_organization/awards_presented	3
/astronomy/orbital_relationship/orbited_by	3
/architecture/structure/address./location/mailing_address/state_province_region	3
/architecture/building/building_function	3
/american_football/football_player/rushing./american_football/player_rushing_statistics/season	3
/american_football/football_player/passing./american_football/player_passing_statistics/team	3
/user/szaijan/fantasy_football/player/position	2
/user/robert/us_congress/house_committee/current_members	2
/user/robert/us_congress/congressional_district/state	2
/user/robert/military/military_person/participated_in_conflicts	2
/user/radiusrs/default_domain/astrology/related_topics	2
/tv/tv_producer/tv_episodes_produced./tv/tv_producer_episode_credit/episode	2
/travel/transport_terminus/travel_destinations_served./travel/transportation/transport_terminus	2
/transportation/bridge_type/bridges_of_this_type	2
/transportation/bridge/locale	2
/transportation/bridge/bridge_type	2
/theater/theater_genre/plays_in_this_genre	2
/theater/play/genre	2
/sports/sports_team/roster./baseball/baseball_roster_position/player	2
/sports/sports_official/sport	2
/sports/sports_equipment/sport_used_for	2
/sports/sport/officials	2
/sports/pro_athlete/teams./ice_hockey/hockey_roster_position/team	2
/sports/pro_athlete/teams./baseball/baseball_roster_position/team	2
/sports/pro_athlete/teams./baseball/baseball_roster_position/position	2
/religion/place_of_worship/religion	2
/people/appointer/appointment_made./people/appointment/appointee	2
/people/appointee/position./people/appointment/appointed_role	2
/people/appointed_role/appointment./people/appointment/appointee	2
/military/military_post/used_by_armed_forces./military/military_post_use/armed_force	2
/military/armed_force/military_posts./military/military_post_use/military_post	2
/medicine/disease/prevention_factors	2
/medicine/condition_prevention_factors/conditions_this_may_prevent	2
/media_common/dedicated_work/dedication./media_common/dedication/dedicated_by	2
/martial_arts/martial_art/well_known_practitioner	2
/location/location/street_address./location/mailing_address/citytown	2
/language/human_language/dialects	2
/internet/website/owner_new./internet/website_ownership/owner	2
/ice_hockey/hockey_team/historical_roster./sports/sports_team_roster/player	2
/ice_hockey/hockey_team/current_roster./ice_hockey/hockey_roster_position/player	2
/ice_hockey/hockey_player/current_team./ice_hockey/hockey_roster_position/team	2
/government/governmental_body/offices_positions	2
/fictional_universe/person_in_fiction/representations_in_fiction	2
/fictional_universe/fictional_job_title/fictional_characters_with_this_job./fictional_universe/fictional_employment_tenure/employee	2
/fictional_universe/fictional_character/siblings./fictional_universe/sibling_relationship_of_fictional_characters/siblings	2
/fictional_universe/fictional_character/based_on	2
/exhibitions/exhibition_sponsor/exhibitions_sponsored./exhibitions/exhibition_run/venue	2
/education/fraternity_sorority/founded_location	2
/education/academic_institution/visiting_scholars_fellows_etc./education/academic_post/person	2
/education/academic/appointments_fellowships_etc./education/academic_post/institution	2
/cvg/cvg_designer/games_designed	2
/cvg/computer_videogame/prequel	2
/cvg/computer_videogame/designers	2
/cvg/computer_videogame/characters./cvg/game_performance/voice_actor	2
/common/topic/subject_of	2
/comic_books/comic_book_series/featured_characters	2
/business/board_member/organization_board_memberships./organization/organization_board_membership/role	2
/broadcast/radio_station_owner/radio_stations	2
/broadcast/radio_station/owner	2
/broadcast/distributor/distributes	2
/broadcast/content/location	2
/broadcast/content/language	2
/broadcast/broadcast/distributor	2
/book/written_work/original_language	2
/book/periodical_subject/periodicals	2
/book/periodical/subjects	2
/book/newspaper/headquarters./location/mailing_address/citytown	2
/book/magazine_genre/magazines_in_this_genre	2
/book/magazine/genre	2
/biology/organism/sex	2
/biology/breed_group/breeds_in_this_group./biology/breed_registration/breed	2
/baseball/baseball_team/current_roster./sports/sports_team_roster/player	2
/baseball/baseball_team/current_roster./baseball/baseball_roster_position/player	2
/baseball/baseball_player/current_team./sports/sports_team_roster/team	2
/baseball/baseball_player/current_team./sports/sports_team_roster/position	2
/baseball/baseball_player/current_team./baseball/baseball_roster_position/team	2
/baseball/baseball_player/current_team./baseball/baseball_roster_position/position	2
/base/wrestling/solo_wrestler_or_team/members	2
/base/wrestling/professional_wrestler/member_of_team	2
/base/thoroughbredracing/thoroughbred_racehorse_sex/horses_of_this_sex	2
/base/petbreeds/dog_breed_group/dog_breeds	2
/base/petbreeds/dog_breed/group	2
/base/onephylogeny/type_of_thing/includes	2
/base/onephylogeny/type_of_thing/included_in	2
/base/fight/sports_official/sport	2
/base/fight/sentence/convictions./base/crime/criminal_conviction/convicted_person	2
/base/fashionmodels/fashion_model/hair_color	2
/base/endorsements/endorsing_newspaper/endorsements./base/endorsements/newspaper_endorsement/endorsee	2
/base/endorsements/endorsee/newspaper_endorsements./base/endorsements/newspaper_endorsement/newspaper	2
/base/argumentmaps/original_idea/innovator	2
/base/argumentmaps/innovator/original_ideas	2
/award/recurring_competition/individual_competitions	2
/award/hall_of_fame_induction_category/inductees./award/hall_of_fame_induction/inductee	2
/award/competition/instance_of_recurring_competition	2
/aviation/aircraft_model/aircraft_type	2
/astronomy/celestial_object/category	2
/architecture/building_function/buildings	2
/american_football/football_player/receiving./american_football/player_receiving_statistics/team	2
/visual_art/visual_art_genre/artworks	1
/visual_art/visual_art_form/artworks	1
/visual_art/artwork/art_subject	1
/visual_art/artwork/art_genre	1
/visual_art/artwork/art_form	1
/user/tsegaran/computer/algorithm_family/algorithm	1
/user/tsegaran/computer/algorithm/family	1
/user/tfmorris/default_domain/document/signatories	1
/user/robert/us_congress/us_representative/committee_memberships	1
/tv/tv_series_episode/guest_personal_appearances./tv/tv_guest_personal_appearance/person	1
/tv/tv_program_guest/appeared_on./tv/tv_guest_personal_appearance/episode	1
/travel/travel_destination/local_transportation	1
/transportation/road/end1./transportation/road_starting_point/location	1
/theater/theatrical_lyricist/play_lyrics_written	1
/theater/play/lyricist	1
/theater/play/country_of_origin	1
/sports/sports_team/roster./ice_hockey/hockey_roster_position/player	1
/sports/sports_team/roster./american_football/football_roster_position/player	1
/sports/sports_team/arena_stadium	1
/sports/sports_position/players./ice_hockey/hockey_roster_position/player	1
/sports/sports_position/players./baseball/baseball_roster_position/player	1
/sports/sports_facility/teams	1
/sports/sport/related_equipment	1
/sports/pro_athlete/teams./ice_hockey/hockey_roster_position/position	1
/sports/pro_athlete/teams./american_football/football_roster_position/team	1
/sports/pro_athlete/teams./american_football/football_roster_position/position	1
/sports/multi_event_tournament/sports	1
/spaceflight/space_agency/astronauts	1
/royalty/system_of_nobility/titles./royalty/system_title_relationship/title	1
/royalty/noble_title/used_in./royalty/system_title_relationship/system	1
/royalty/noble_title/noble_rank	1
/religion/religious_organization/leaders./religion/religious_organization_leadership/leader	1
/religion/religious_leader/religious_leadership./religion/religious_organization_leadership/organization	1
/religion/religion/places_of_worship	1
/protected_sites/protected_site/iucn_category	1
/protected_sites/iucn_category/protected_areas	1
/protected_sites/governing_body_of_protected_sites/protected_sites_governed	1
/people/appointee/position./people/appointment/appointed_by	1
/music/conductor/groups./music/conducting_tenure/ensemble	1
/music/conducted_ensemble/conductors./music/conducting_tenure/conductor	1
/music/concert_tour/artist	1
/music/album_release_type/albums	1
/metropolitan_transit/transit_system/area_served	1
/metropolitan_transit/transit_service_type/transit_lines	1
/metropolitan_transit/transit_line/service_type	1
/medicine/symptom/side_effect_of	1
/medicine/medical_treatment/side_effects	1
/medicine/drug_class/drugs	1
/medicine/drug/drug_class	1
/martial_arts/martial_artist/martial_art	1
/law/judge/courts./law/judicial_tenure/court	1
/law/court/judges./law/judicial_tenure/judge	1
/ice_hockey/hockey_team/current_roster./sports/sports_team_roster/player	1
/ice_hockey/hockey_position/players	1
/ice_hockey/hockey_player/hockey_position	1
/ice_hockey/hockey_player/current_team./sports/sports_team_roster/team	1
/ice_hockey/hockey_player/current_team./sports/sports_team_roster/position	1
/ice_hockey/hockey_player/current_team./ice_hockey/hockey_roster_position/position	1
/government/election/office	1
/geography/lake_type/lakes_of_this_type	1
/geography/lake/lake_type	1
/games/game_genre/boardgames	1
/food/ingredient/dishes	1
/food/dish/ingredients	1
/film/film_featured_song/performed_by	1
/fictional_universe/fictional_setting/fictional_characters_born_here	1
/fictional_universe/fictional_character/rank	1
/fictional_universe/fictional_character/place_of_birth	1
/fictional_universe/fictional_character/parents	1
/fictional_universe/fictional_character/children	1
/fictional_universe/character_rank/characters_of_this_rank	1
/exhibitions/exhibition_venue/exhibitions_at_this_venue./exhibitions/exhibition_run/sponsor	1
/education/school_district/schools	1
/education/school_district/locations_served	1
/education/school/school_district	1
/cvg/game_voice_actor/computer_game_voice_performances./cvg/game_performance/game	1
/cvg/game_voice_actor/computer_game_voice_performances./cvg/game_performance/character	1
/cvg/game_series/games_in_series	1
/cvg/game_character/games./cvg/game_performance/voice_actor	1
/cvg/computer_videogame/game_series	1
/computer/programming_language_designer/languages_designed	1
/computer/programming_language/parent_language	1
/computer/programming_language/language_designers	1
/computer/programming_language/dialects	1
/computer/computer/compatible_oses./computer/os_compatibility/operating_system	1
/common/webpage/topic	1
/common/resource/annotations./common/webpage/category	1
/comic_books/comic_book_series/created_by	1
/comic_books/comic_book_creator/series_created	1
/comic_books/comic_book_character/regular_featured_appearances	1
/book/periodical_publisher/periodicals_published./book/periodical_publisher_period/periodical	1
/book/periodical_format/periodicals_in_this_format./book/periodical_format_period/periodical	1
/book/periodical/publisher./book/periodical_publisher_period/publisher	1
/book/newspaper_owner/newspapers_owned	1
/book/newspaper/owner	1
/book/newspaper/headquarters./location/mailing_address/state_province_region	1
/book/literary_series/author_s	1
/book/author/series_written_or_contributed_to	1
/biology/organism_classification/organisms_of_this_type	1
/biology/organism/organism_type	1
/biology/animal_breed/registered_with./biology/breed_registration/breed_group	1
/base/usnationalparks/us_national_park/state	1
/base/thoroughbredracing/thoroughbred_racehorse_origin/horses_from_this_location	1
/base/thoroughbredracing/thoroughbred_racehorse_color/horses_of_this_color	1
/base/thoroughbredracing/thoroughbred_racehorse/sex	1
/base/thoroughbredracing/thoroughbred_racehorse/country	1
/base/thoroughbredracing/thoroughbred_racehorse/color	1
/base/schemastaging/fish/found_in	1
/base/rugby/rugby_player/type_of_rugby	1
/base/petbreeds/dog_coat_color/dog_breeds	1
/base/petbreeds/dog_breed/color	1
/base/patronage/patron/related_client./base/patronage/patron_client_relationship/client	1
/base/patronage/client/related_patron./base/patronage/patron_client_relationship/patron	1
/base/infrastructure/power_station/fuel_type	1
/base/infrastructure/power_plant_type/power_station	1
/base/folklore/mythology/mythical_creatures	1
/base/folklore/mythical_creature/mythology	1
/base/fashionmodels/hair_color/fashion_models_with_this_hair_color	1
/base/endorsements/endorsing_newspaper/endorsements./base/endorsements/newspaper_endorsement/election	1
/base/ecology/food_web_member/belongs_to_ecosystem_s	1
/base/ecology/ecosystem/ecosystem_members	1
/base/disaster2/tactic/attacks_of_this_form./base/disaster2/attack_process/attack_event	1
/base/crime/convicted_criminal/convictions./base/crime/criminal_conviction/sentence_type	1
/base/collectives/collective_member/member_of./base/collectives/collective_membership/collective	1
/base/collectives/collective/members./base/collectives/collective_membership/member	1
/award/hall_of_fame_inductee/hall_of_fame_inductions./award/hall_of_fame_induction/category	1
/aviation/airliner_accident/flight_destination	1
/aviation/aircraft_type/aircraft_of_this_type	1
/aviation/aircraft_manufacturer/aircraft_models_made	1
/architecture/structure/owner./architecture/ownership/owner	1
/architecture/structure/construction_cost./measurement_unit/money_value/currency	1
/architecture/structure/architect	1
/architecture/architectural_structure_owner/structures_owned./architecture/ownership/structure	1
/architecture/architect/structures_designed	1
/american_football/football_team/historical_coaching_staff./american_football/football_historical_coach_position/coach	1
/american_football/football_team/current_roster./sports/sports_team_roster/player	1
/american_football/football_team/current_roster./american_football/football_roster_position/player	1
/american_football/football_player/receiving./american_football/player_receiving_statistics/season	1
/american_football/football_player/current_team./sports/sports_team_roster/team	1
/american_football/football_player/current_team./american_football/football_roster_position/team	1
/american_football/football_player/current_team./american_football/football_roster_position/position	1
/american_football/football_coach_position/coaches_holding_this_position./american_football/football_historical_coach_position/coach	1
/american_football/football_coach/coaching_history./american_football/football_historical_coach_position/team	1
/american_football/football_coach/coaching_history./american_football/football_historical_coach_position/position	1
